{"stats":{"minecraft:killed_by":{"alexsmobs:grizzly_bear":1,"majruszsdifficulty:cursed_armor":2,"enemyexpansion:invisicreeper":1,"minecraft:husk":1,"minecraft:player":11,"minecraft:iron_golem":5,"irons_spellbooks:dead_king":2,"minecraft:skeleton":2},"minecraft:mined":{"minecraft:cut_sandstone_slab":8,"minecraft:red_nether_bricks":3,"minecraft:obsidian":24,"minecraft:granite":10,"minecraft:chiseled_polished_blackstone":1,"minecraft:stone_brick_wall":2,"iter_rpg:grimstone_bricks_wall":3,"iter_rpg:cracked_grimstone_bricks":13,"minecraft:jungle_log":5,"minecraft:oak_pressure_plate":1,"minecraft:coal_block":9,"apotheosis:simple_reforging_table":1,"minecraft:nether_wart":4,"ironchest:copper_chest":1,"minecraft:spawner":94,"iter_rpg:infested_hivestone":1,"minecraft:polished_blackstone_bricks":223,"minecraft:magma_block":1,"minecraft:mossy_cobblestone_stairs":11,"minecraft:cobbled_deepslate":4,"minecraft:sticky_piston":7,"minecraft:fire":8,"ironchest:gold_chest":3,"minecraft:moss_carpet":1,"byg:quartzite_sand":6,"minecraft:nether_brick_stairs":28,"minecraft:polished_deepslate_slab":3,"minecraft:dirt_path":2,"minecraft:oak_stairs":50,"stalwart_dungeons:soul_magma_bricks":2,"minecraft:deepslate_brick_stairs":2,"minecraft:smooth_sandstone_stairs":3,"minecraft:sandstone_slab":2,"minecraft:cut_sandstone":62,"atmospheric:flowering_morado_leaves":1,"minecraft:torch":1,"minecraft:blast_furnace":2,"minecraft:dead_bush":1,"minecraft:bricks":7,"byg:magmatic_stone":2,"iter_rpg:grimstone_bricks":21,"minecraft:amethyst_block":65,"iter_rpg:polished_grimstone_stairs":7,"apotheosis:gem_cutting_table":1,"byg:soapstone":38,"minecraft:repeater":7,"forbidden_arcanus:darkstone":2,"minecraft:potted_poppy":1,"minecraft:stone_brick_stairs":32,"minecraft:grass":9,"transmog:transmogrification_table":1,"minecraft:loom":1,"byg:warped_soul_sand":13,"minecraft:sandstone_wall":2,"atmospheric:rosewood_log":15,"twigs:rhyolite":18,"minecraft:deepslate":270,"minecraft:yellow_terracotta":26,"minecraft:mossy_cobblestone":59,"stalwart_dungeons:soul_bricks":49,"iter_rpg:cracked_hivestone":5,"minecraft:nether_bricks":145,"minecraft:dark_oak_fence":1,"minecraft:jungle_planks":2,"minecraft:redstone_wire":5,"minecraft:packed_mud":1,"iter_rpg:spider_silk_block":4,"iter_rpg:chiseled_grimstone_bricks":1,"minecraft:andesite":18,"minecraft:green_terracotta":4,"minecraft:diamond_block":3,"iter_rpg:polished_grimstone":13,"minecraft:mossy_stone_brick_stairs":22,"minecraft:vine":41,"irons_spellbooks:inscription_table":1,"minecraft:oak_slab":4,"minecraft:chiseled_nether_bricks":4,"minecraft:soul_sand":2,"minecraft:stone_brick_slab":1,"minecraft:polished_blackstone_brick_wall":22,"minecraft:smooth_sandstone":10,"iter_rpg:cut_hivestone":3,"minecraft:copper_ore":4,"minecraft:diorite":10,"stalwart_dungeons:tungsten_ore":24,"minecraft:coarse_dirt":3,"iter_rpg:hivestone_stairs":5,"minecraft:birch_leaves":1,"ars_nouveau:mage_block":4,"minecraft:gravel":6,"minecraft:dripstone_block":1,"minecraft:cobweb":28,"minecraft:polished_blackstone":41,"minecraft:stone_bricks":173,"minecraft:fern":1,"iter_rpg:grimstone":16,"minecraft:spruce_planks":1,"minecraft:mossy_stone_brick_slab":1,"iter_rpg:weaved_hivestone":1,"minecraft:cobblestone_stairs":2,"iter_rpg:crumbling_hivestone":2,"irons_spellbooks:arcane_anvil":1,"minecraft:budding_amethyst":5,"minecraft:grass_block":10,"iter_rpg:ametrine_block":1,"minecraft:cracked_polished_blackstone_bricks":52,"minecraft:soul_soil":4,"minecraft:polished_blackstone_brick_slab":43,"minecraft:gilded_blackstone":44,"minecraft:sandstone_stairs":1,"minecraft:mossy_cobblestone_slab":1,"minecraft:glowstone":24,"minecraft:red_nether_brick_stairs":1,"minecraft:iron_ore":1,"minecraft:black_carpet":1,"minecraft:anvil":1,"twigs:silt":1,"minecraft:pointed_dripstone":2,"minecraft:iron_bars":81,"iter_rpg:polished_grimstone_wall":2,"minecraft:quartz_block":27,"lootr:lootr_chest":4,"minecraft:blackstone":271,"stalwart_dungeons:soul_tiles":3,"minecraft:calcite":2,"minecraft:chest":1,"minecraft:nether_quartz_ore":2,"minecraft:cobblestone":93,"minecraft:oak_planks":19,"minecraft:deepslate_copper_ore":8,"minecraft:blue_terracotta":3,"minecraft:nether_wart_block":1,"minecraft:birch_log":27,"bygonenether:cobbled_blackstone":2,"byg:quartz_crystal":1,"minecraft:blue_ice":69,"minecraft:tnt":21,"celestisynth:solar_crystal":30,"minecraft:oak_log":5,"minecraft:lime_terracotta":6,"minecraft:sand":288,"minecraft:dirt":7,"minecraft:netherrack":488,"minecraft:oak_leaves":8,"minecraft:nether_gold_ore":9,"minecraft:tuff":88,"minecraft:candle":2,"minecraft:oak_door":1,"minecraft:ladder":1,"minecraft:polished_andesite_slab":2,"iter_rpg:big_vase":1,"minecraft:rooted_dirt":2,"minecraft:sandstone":108,"minecraft:cracked_nether_bricks":14,"minecraft:hay_block":10,"minecraft:oak_trapdoor":1,"iter_rpg:small_vase":1,"minecraft:nether_sprouts":1,"minecraft:chiseled_sandstone":7,"minecraft:black_concrete":1,"minecraft:gold_block":51,"minecraft:nether_brick_fence":2,"minecraft:bookshelf":9,"minecraft:stripped_oak_log":15,"minecraft:packed_ice":3,"minecraft:stone":307,"iter_rpg:grimstone_bricks_stairs":2,"minecraft:infested_stone_bricks":1,"minecraft:basalt":1,"minecraft:polished_granite":5,"minecraft:oak_fence":11,"minecraft:crafting_table":1,"minecraft:sculk_sensor":1,"minecraft:deepslate_coal_ore":2,"minecraft:polished_blackstone_brick_stairs":51,"iter_rpg:hivestone":14,"minecraft:birch_planks":1,"iter_rpg:magmanum_block":2,"minecraft:polished_blackstone_slab":1,"minecraft:polished_blackstone_stairs":2,"iter_rpg:silky_hivestone":2,"byg:raw_quartz_block":63,"iter_rpg:spider_egg":31,"minecraft:cracked_stone_bricks":87,"minecraft:polished_andesite":6,"minecraft:mossy_stone_bricks":80,"forbidden_arcanus:runic_deepslate":2},"minecraft:broken":{"minecraft:diamond_helmet":1,"minecraft:iron_chestplate":1,"minecraft:iron_leggings":1,"minecraft:leather_helmet":1,"minecraft:diamond_leggings":5,"minecraft:chainmail_helmet":1,"alexsmobs:emu_leggings":1,"minecraft:iron_helmet":1,"minecraft:leather_leggings":1,"minecraft:chainmail_chestplate":1,"minecraft:diamond_chestplate":1},"minecraft:used":{"irons_spellbooks:inscription_table":2,"minecraft:chest":2,"constructionwand:iron_wand":10,"ars_nouveau:amethyst_golem_charm":4,"minecraft:lava_bucket":16,"supplementaries:bomb_blue":2,"minecraft:bow":218,"cisco_mod:brightsteel_multi_tool":1,"minecraft:mossy_stone_bricks":9,"minecraft:golden_apple":79,"globalxp:xp_block":1,"minecraft:smithing_table":1,"simplyswords:toxic_longsword":2782,"waystones:sandy_waystone":1,"minecraft:enchanting_table":1,"minecraft:iron_bars":12,"minecraft:stone_sword":1088,"minecraft:anvil":1,"simplyswords:storms_edge":4,"minecraft:iron_axe":92,"enigmaticlegacy:unholy_grail":3,"apotheosis:gem_cutting_table":2,"minecraft:diamond_chestplate":2,"minecraft:basalt":1,"minecraft:cobbled_deepslate":9,"minecraft:water_bucket":15,"minecraft:birch_planks":45,"minecraft:polished_blackstone_bricks":65,"minecraft:mossy_cobblestone":1,"minecraft:diamond_block":3,"minecraft:crafting_table":4,"supplementaries:bomb":3,"minecraft:diamond_pickaxe":4029,"minecraft:diamond_shovel":287,"minecraft:cobblestone":140,"minecraft:stripped_oak_log":3,"irons_spellbooks:arcane_anvil":2,"minecraft:iron_sword":230,"minecraft:jungle_planks":1,"minecraft:tuff":14,"minecraft:obsidian":10,"minecraft:polished_blackstone_brick_wall":2,"minecraft:iron_helmet":1,"minecraft:stone_bricks":220,"minecraft:polished_blackstone_stairs":1,"bygonenether:cobbled_blackstone":7,"apotheosis:simple_reforging_table":2,"minecraft:stone_pickaxe":4,"minecraft:oak_planks":77,"minecraft:ender_pearl":14,"minecraft:sandstone":2,"minecraft:diamond_axe":188,"transmog:transmogrification_table":2,"minecraft:loom":1,"ironchest:copper_chest":1,"simplyswords:iron_greathammer":4,"waystones:waystone":1,"apotheosis:reforging_table":1,"minecraft:experience_bottle":1,"minecraft:trident":11,"minecraft:flint_and_steel":1,"woodworks:oak_chest":6,"gateways:gate_pearl":1,"minecraft:dirt":5,"minecraft:diamond_helmet":1,"twilightforest:fiery_pickaxe":5,"minecraft:bookshelf":10,"minecraft:oak_stairs":4,"minecraft:golden_carrot":53,"ironchest:gold_chest":3,"minecraft:enchanted_golden_apple":6,"minecraft:red_nether_bricks":1,"minecraft:cut_sandstone":14,"constructionwand:stone_wand":10,"minecraft:book":1,"irons_spellbooks:scroll_forge":1,"minecraft:bucket":32,"minecraft:chainmail_leggings":1},"minecraft:killed":{"minecraft:cave_spider":27,"enemyexpansion:equestrian":1,"minecraft:skeleton":82,"iter_rpg:weeper":16,"ars_nouveau:amethyst_golem":3,"savage_and_ravage:creepie":7,"minecraft:magma_cube":11,"minecraft:iron_golem":2,"minecraft:pillager":4,"enemyexpansion:meature":1,"minecraft:zombie":98,"stalwart_dungeons:incomplete_wither":2,"iter_rpg:mournstone":17,"enemyexpansion:botfly":41,"iter_rpg:griever":16,"minecraft:evoker":1,"minecraft:vindicator":3,"goblintraders:goblin_trader":1,"iter_rpg:hobgoblin":1,"minecraft:husk":27,"iter_rpg:peeper":3,"majruszsdifficulty:cursed_armor":108,"enemyexpansion:sprinter":2,"whisperwoods:zotzpyre":5,"iter_rpg:goblin_warrior":4,"iter_rpg:giant_spider":1,"minecraft:enderman":1,"iter_rpg:goblin":1,"minecraft:witch":2,"iter_rpg:revenant":5,"minecraft:zombified_piglin":1,"minecraft:spider":18,"savage_and_ravage:griefer":1,"whisperwoods:wisp":1,"minecraft:silverfish":57,"irons_spellbooks:summoned_skeleton":3,"minecraft:piglin_brute":38,"twilightforest:minotaur":1,"minecraft:piglin":20,"iter_rpg:spiderling":132,"irons_spellbooks:necromancer":1,"minecraft:creeper":11,"undead_unleashed:shadewraith":3,"minecraft:mooshroom":1,"minecraft:ghast":2,"minecraft:stray":38,"undead_unleashed:haunter":13,"minecraft:blaze":63,"alexsmobs:dropbear":1,"irons_spellbooks:summoned_zombie":4,"enemyexpansion:intruder":1,"minecraft:phantom":1,"twilightforest:fire_beetle":2,"enemyexpansion:goblin":1,"aquamirae:maw":1,"stalwart_dungeons:reinforced_blaze":5,"minecraft:hoglin":12,"minecraft:wither_skeleton":63},"minecraft:custom":{"minecraft:interact_with_crafting_table":108,"minecraft:open_barrel":1,"minecraft:leave_game":7,"minecraft:time_since_death":21287,"minecraft:play_time":870678,"minecraft:deaths":26,"minecraft:jump":4187,"minecraft:interact_with_furnace":29,"minecraft:waystone_activated":3,"minecraft:damage_dealt":924944,"minecraft:inspect_dispenser":2,"minecraft:horse_one_cm":4826,"minecraft:interact_with_smithing_table":15,"minecraft:interact_with_anvil":34,"minecraft:damage_dealt_absorbed":731,"minecraft:sneak_time":22585,"minecraft:interact_with_lectern":1,"minecraft:total_world_time":870678,"enigmaticlegacy:play_time_without_seven_curses":1529978,"minecraft:time_since_rest":21311,"minecraft:use_wand":46,"minecraft:swim_one_cm":1566,"minecraft:fly_one_cm":470655,"minecraft:open_chest":36,"minecraft:fall_one_cm":179288,"enigmaticlegacy:play_time_with_seven_curses":0,"lootr:looted_stat":370,"minecraft:damage_resisted":2975,"minecraft:sprint_one_cm":407353,"minecraft:drop":313,"minecraft:play_noteblock":1,"minecraft:talked_to_villager":1,"minecraft:interact_with_brewingstand":1,"minecraft:walk_on_water_one_cm":69326,"minecraft:interact_with_loom":1,"minecraft:player_kills":11,"minecraft:crouch_one_cm":67414,"minecraft:mob_kills":982,"minecraft:damage_dealt_resisted":8796,"minecraft:climb_one_cm":30274,"minecraft:walk_one_cm":3406683,"minecraft:walk_under_water_one_cm":18585,"minecraft:damage_taken":43708,"minecraft:damage_absorbed":64049},"minecraft:dropped":{"sophisticatedbackpacks:upgrade_base":4,"ringsofascension:ring_slow_resistance":1,"minecraft:diamond":16,"relics:infinity_ham":1,"enigmaticlegacy:unholy_grail":1,"minecraft:mossy_stone_brick_stairs":14,"minecraft:cracked_stone_bricks":1,"undead_unleashed:grave_metal_scrap":13,"minecraft:cut_sandstone_slab":2,"minecraft:leather_helmet":2,"minecraft:dirt":2,"minecraft:dark_oak_fence":1,"minecraft:chain":1,"minecraft:gold_nugget":45,"minecraft:polished_blackstone_slab":1,"minecraft:bone":18,"enigmaticlegacy:eye_of_nebula":1,"apotheosis:mythic_material":1,"minecraft:ancient_debris":3,"minecraft:polished_andesite_slab":2,"minecraft:iron_nugget":8,"minecraft:cobbled_deepslate":139,"minecraft:birch_sapling":1,"immersive_armors:wooden_boots":1,"minecraft:rotten_flesh":64,"mcsa:prismarine_soldier_chestplate":1,"minecraft:blaze_powder":3,"enigmaticlegacy:earth_heart":1,"cisco_mod:brightsteel_ingot":1,"supplementaries:flax_seeds":3,"apotheosis:gem":6,"minecraft:leather_boots":1,"minecraft:leather_leggings":2,"iter_rpg:spider_silk":3,"minecraft:red_nether_bricks":1,"minecraft:ghast_tear":1,"minecraft:stone_brick_stairs":9,"minecraft:enchanted_book":1,"minecraft:wheat_seeds":2,"minecraft:dripstone_block":1,"ironchest:gold_chest":7,"minecraft:yellow_terracotta":12,"minecraft:iron_helmet":1,"minecraft:cobblestone":25,"enigmaticlegacy:golem_heart":2,"relics:midnight_robe":1,"minecraft:apple":2,"minecraft:coal":5,"minecraft:golden_apple":2,"minecraft:coal_block":17,"minecraft:polished_andesite":1,"minecraft:lava_bucket":1,"bygonenether:cobbled_blackstone":4,"stalwart_dungeons:soul_bricks":1,"minecraft:diamond_helmet":1,"minecraft:potion":1,"minecraft:oak_stairs":4,"minecraft:white_banner":1,"minecraft:mossy_cobblestone_stairs":4,"minecraft:chainmail_leggings":1,"minecraft:string":18,"enigmaticlegacy:withered_tome":10,"twilightforest:fiery_pickaxe":1,"irons_spellbooks:copper_spell_book":1,"minecraft:stone_sword":3,"forbidden_arcanus:ender_pearl_fragment":2,"minecraft:experience_bottle":1,"minecraft:chicken":1,"sophisticatedbackpacks:backpack":1,"undead_unleashed:grave_metal_sword":1,"minecraft:nether_bricks":52,"minecraft:polished_deepslate_stairs":3,"supplementaries:cage":1,"minecraft:diamond_sword":1,"minecraft:diamond_pickaxe":1,"iter_rpg:silky_hivestone":7,"minecraft:redstone_torch":4,"minecraft:stone_bricks":32,"minecraft:spider_eye":19,"minecraft:bow":1,"ars_elemental:fire_caster_tome":2,"minecraft:magma_block":1,"apotheosis:gem_dust":3,"minecraft:nether_brick_stairs":1,"iter_rpg:hivestone":2,"minecraft:soul_sand":3,"minecraft:oak_log":1,"iter_rpg:cracked_grimstone_bricks":7,"minecraft:lime_terracotta":1,"majruszsdifficulty:tattered_helmet":1,"minecraft:leather":32,"minecraft:polished_blackstone_brick_wall":4,"minecraft:netherite_scrap":14,"immersive_armors:wooden_leggings":1,"minecraft:pumpkin_pie":99,"minecraft:amethyst_shard":49,"minecraft:gold_ingot":112,"minecraft:gravel":1,"enigmaticlegacy:tattered_tome":21,"minecraft:mossy_stone_brick_slab":1,"iter_rpg:spawner_fragment":2,"relics:space_dissector":1,"iter_rpg:cracked_hivestone":4,"minecraft:carrot":1,"minecraft:chainmail_chestplate":1,"supplementaries:ash":6,"minecraft:gunpowder":14,"minecraft:chest":1,"iter_rpg:weaved_hivestone":8,"minecraft:iron_bars":10,"minecraft:arrow":47,"alexsmobs:banana":1,"minecraft:cracked_nether_bricks":2,"minecraft:scaffolding":4,"minecraft:quartz":1,"minecraft:polished_granite":1,"minecraft:netherrack":110,"minecraft:magenta_carpet":1,"minecraft:mossy_cobblestone":8,"enigmaticlegacy:void_stone":1,"minecraft:diamond_leggings":2,"enigmaticlegacy:corrupted_tome":2,"minecraft:stick":5,"relics:bastion_ring":1,"irons_spellbooks:scroll":4,"minecraft:diorite":6,"minecraft:torch":5,"ringsofascension:ring_strength":1,"byg:soapstone":16,"cisco_mod:slumbering_equillibrium":1,"forbidden_arcanus:spawner_scrap":13,"minecraft:iron_leggings":1,"minecraft:polished_basalt":3,"sophisticatedbackpacks:crafting_upgrade":1,"irons_spellbooks:frozen_bone":1,"minecraft:redstone":5,"simplyswords:toxic_longsword":2,"nethersdelight:hoglin_sirloin":5,"iter_rpg:grimstone":9,"minecraft:coarse_dirt":3,"minecraft:raw_copper":6,"majruszsaccessories:tool_scraps":1,"minecraft:tuff":5,"minecraft:ender_eye":1,"minecraft:shield":2,"apotheosis:rare_material":12,"minecraft:iron_chestplate":1,"minecraft:andesite":7,"minecraft:mossy_stone_bricks":19,"minecraft:oak_sapling":2,"minecraft:golden_sword":1,"minecraft:raw_gold":4,"byg:magmatic_stone":2,"immersive_armors:wooden_helmet":1},"minecraft:picked_up":{"irons_spellbooks:arcane_anvil":1,"minecraft:iron_chestplate":2,"minecraft:chainmail_boots":1,"minecraft:anvil":1,"minecraft:magenta_carpet":1,"minecraft:diamond_sword":1,"minecraft:oak_stairs":37,"minecraft:wither_rose":1,"minecraft:enchanted_book":4,"minecraft:golden_shovel":1,"minecraft:golden_sword":1,"minecraft:amethyst_block":47,"minecraft:polished_blackstone_brick_stairs":50,"minecraft:string":77,"apotheosis:epic_material":3,"minecraft:red_nether_bricks":1,"minecraft:diamond_leggings":2,"minecraft:cobbled_deepslate":246,"minecraft:gold_nugget":64,"bosses_of_mass_destruction:soul_star":2,"minecraft:spruce_planks":1,"undead_unleashed:grave_metal_sword":2,"whisperwoods:ghost_light_electric_blue":1,"minecraft:coal_block":24,"minecraft:golden_helmet":2,"minecraft:polished_blackstone_brick_slab":21,"apotheosis:rare_material":30,"minecraft:polished_blackstone_stairs":1,"minecraft:sandstone_wall":1,"ironchest:gold_chest":1,"enigmaticlegacy:withered_tome":13,"gateways:gate_pearl":1,"minecraft:green_terracotta":7,"minecraft:chiseled_nether_bricks":1,"minecraft:stone_sword":9,"minecraft:bookshelf":5,"supplementaries:ash":11,"minecraft:blaze_rod":28,"minecraft:iron_bars":28,"minecraft:birch_log":27,"majruszsaccessories:tool_scraps":2,"minecraft:magma_block":1,"minecraft:cooked_beef":1,"minecraft:jungle_log":5,"enigmaticlegacy:golem_heart":2,"minecraft:lantern":3,"stalwart_dungeons:blaze_armor_scrap":3,"irons_spellbooks:iron_spell_book":2,"forbidden_arcanus:rune":2,"majruszsaccessories:dice":1,"apotheosis:mythic_material":1,"minecraft:diamond_helmet":4,"minecraft:glowstone_dust":54,"iter_rpg:silky_hivestone":7,"iter_rpg:grimstone":41,"minecraft:chiseled_polished_blackstone":1,"iter_rpg:cracked_hivestone":4,"minecraft:lime_terracotta":1,"minecraft:loom":1,"enigmaticlegacy:earth_heart":1,"minecraft:polished_andesite":5,"minecraft:blue_terracotta":3,"minecraft:granite":6,"minecraft:chainmail_helmet":3,"minecraft:rooted_dirt":1,"twigs:rhyolite":47,"iter_rpg:ametrine_block":1,"minecraft:diamond_pickaxe":2,"minecraft:coarse_dirt":3,"minecraft:sandstone_slab":1,"minecraft:nether_wart":10,"minecraft:leather_leggings":5,"enigmaticlegacy:tattered_tome":5,"minecraft:stripped_mangrove_log":1,"ringsofascension:ring_wither":1,"apotheosis:simple_reforging_table":1,"minecraft:netherite_scrap":15,"apotheosis:gem_cutting_table":1,"minecraft:cracked_stone_bricks":25,"iter_rpg:coin":1,"byg:pink_allium_flower_bush":1,"minecraft:beef":2,"minecraft:iron_nugget":29,"minecraft:birch_sapling":1,"minecraft:chest":5,"minecraft:sandstone":73,"minecraft:oak_door":1,"sophisticatedbackpacks:backpack":1,"enigmaticlegacy:extradimensional_eye":1,"minecraft:carrot":11,"minecraft:redstone":5,"atmospheric:rosewood_log":14,"enigmaticlegacy:unholy_grail":1,"minecraft:tnt":19,"irons_spellbooks:evocation_rune":1,"minecraft:diamond_chestplate":1,"celestisynth:solar_crystal":17,"minecraft:diamond_boots":5,"minecraft:hay_block":5,"minecraft:yellow_terracotta":20,"minecraft:gold_ingot":19,"minecraft:totem_of_undying":1,"minecraft:polished_blackstone":26,"minecraft:mutton":14,"cisco_mod:champion_coin":15,"ars_nouveau:amethyst_golem_charm":3,"minecraft:stripped_oak_log":12,"majruszsdifficulty:tattered_helmet":1,"minecraft:oak_log":3,"minecraft:golden_boots":1,"minecraft:paper":100,"minecraft:white_banner":2,"unusualend:wandering_pearl":1,"sophisticatedbackpacks:upgrade_base":3,"minecraft:apple":4,"minecraft:stone_bricks":30,"apotheosis:gem_dust":13,"minecraft:iron_sword":1,"forbidden_arcanus:darkstone":2,"iter_rpg:chiseled_grimstone_bricks":7,"minecraft:cracked_nether_bricks":3,"minecraft:gravel":16,"enigmaticlegacy:void_stone":1,"iter_rpg:hivestone":2,"minecraft:crying_obsidian":5,"minecraft:leather_helmet":5,"minecraft:diamond_shovel":1,"minecraft:diamond_axe":2,"minecraft:polished_blackstone_brick_wall":34,"enigmaticlegacy:eye_of_nebula":1,"minecraft:ender_pearl":1,"irons_spellbooks:scroll":10,"ars_nouveau:caster_tome":2,"minecraft:redstone_block":1,"enigmaticlegacy:corrupted_tome":2,"minecraft:potion":1,"minecraft:gilded_blackstone":31,"minecraft:stone_brick_stairs":8,"minecraft:raw_copper":6,"minecraft:sticky_piston":2,"minecraft:experience_bottle":2,"alexsmobs:banana":1,"minecraft:ender_eye":1,"nethersdelight:hoglin_sirloin":7,"vinery:jungle_grape_seeds_white":2,"irons_spellbooks:inscription_table":1,"farmersdelight:cabbage_seeds":16,"minecraft:iron_boots":1,"minecraft:tipped_arrow":66,"minecraft:stick":8,"apotheosis:gem":23,"minecraft:oak_fence":12,"minecraft:polished_deepslate_stairs":6,"minecraft:torch":5,"minecraft:pointed_dripstone":1,"minecraft:diorite":6,"quark:ancient_tome":2,"minecraft:rotten_flesh":167,"twilightforest:knightmetal_shield":1,"minecraft:deepslate_brick_stairs":2,"minecraft:obsidian":18,"minecraft:blaze_powder":3,"minecraft:cobblestone":296,"minecraft:enchanting_table":3,"minecraft:leather_chestplate":4,"minecraft:magma_cream":2,"minecraft:repeater":1,"minecraft:andesite":45,"minecraft:golden_leggings":2,"majruszsaccessories:certificate_of_taming":2,"minecraft:tuff":80,"minecraft:smooth_sandstone_stairs":2,"supplementaries:flax_seeds":6,"minecraft:wither_skeleton_skull":3,"minecraft:dirt":46,"minecraft:cut_sandstone_slab":6,"minecraft:polished_granite":1,"minecraft:leather_boots":3,"irons_spellbooks:hogskin":6,"minecraft:glass":64,"minecraft:bone":162,"farmersdelight:iron_knife":1,"minecraft:bow":6,"minecraft:wheat_seeds":2,"minecraft:raw_gold":4,"minecraft:mossy_stone_bricks":23,"twigs:twig":1,"minecraft:oak_planks":31,"minecraft:mossy_stone_brick_stairs":6,"minecraft:ghast_tear":1,"irons_spellbooks:frozen_bone":109,"simplyswords:toxic_longsword":2,"iter_rpg:spider_silk":3,"minecraft:oak_pressure_plate":11,"iter_rpg:magmanum_block":2,"undead_unleashed:grave_metal_leggings":1,"minecraft:polished_blackstone_slab":1,"minecraft:jungle_planks":1,"minecraft:sand":1,"minecraft:nether_brick_stairs":5,"minecraft:chiseled_sandstone":5,"byg:magmatic_stone":2,"minecraft:mossy_cobblestone":23,"irons_spellbooks:blaze_spell_book":1,"forbidden_arcanus:ender_pearl_fragment":3,"minecraft:black_concrete":1,"minecraft:cracked_polished_blackstone_bricks":58,"minecraft:golden_apple":22,"minecraft:emerald":5,"minecraft:oak_sapling":2,"minecraft:netherrack":70,"cisco_mod:brightsteel_ingot":3,"iter_rpg:spawner_fragment":22,"byg:soapstone":4,"minecraft:chicken":2,"minecraft:brown_mushroom":64,"transmog:transmogrification_table":1,"minecraft:wooden_pickaxe":1,"minecraft:gold_block":31,"stalwart_dungeons:soul_bricks":1,"minecraft:chain":1,"minecraft:shield":4,"minecraft:oak_trapdoor":1,"minecraft:iron_axe":1,"minecraft:candle":6,"twilightforest:fiery_pickaxe":1,"irons_spellbooks:epic_ink":1,"bygonenether:cobbled_blackstone":213,"iter_rpg:cracked_grimstone_bricks":12,"endrem:nether_eye":1,"minecraft:polished_blackstone_bricks":200,"twilightforest:raw_meef":2,"minecraft:arrow":3,"ars_elemental:fire_caster_tome":1,"minecraft:pumpkin_pie":12,"stalwart_dungeons:raw_tungsten":22,"minecraft:nether_bricks":122,"forbidden_arcanus:spawner_scrap":37,"apotheosis:sigil_of_socketing":2,"minecraft:air":211,"minecraft:basalt":1,"minecraft:leather":8,"minecraft:cut_sandstone":44,"cisco_mod:slumbering_equillibrium":1,"twilightforest:ironwood_chestplate":1,"minecraft:birch_planks":15,"savage_and_ravage:creeper_spores":1,"minecraft:chainmail_chestplate":3,"minecraft:nether_wart_block":2,"minecraft:gunpowder":17,"relics:midnight_robe":1,"minecraft:smooth_sandstone":10,"minecraft:red_carpet":1,"minecraft:iron_ingot":27,"minecraft:polished_andesite_slab":2,"minecraft:soul_sand":4,"minecraft:book":24,"minecraft:scaffolding":8,"byg:raw_quartz_block":58,"minecraft:chiseled_stone_bricks":1,"minecraft:quartz":1,"minecraft:lava_bucket":1,"minecraft:amethyst_shard":36,"undead_unleashed:grave_metal_scrap":56,"minecraft:spider_eye":33,"minecraft:mossy_stone_brick_slab":1,"minecraft:spruce_door":1,"minecraft:chainmail_leggings":2,"iter_rpg:weaved_hivestone":8,"minecraft:iron_helmet":2,"minecraft:mossy_cobblestone_stairs":3,"undead_unleashed:grave_metal_axe":1,"minecraft:coal":14},"minecraft:crafted":{"minecraft:smooth_stone":17,"minecraft:glass":28,"minecraft:diamond_helmet":1,"simplyswords:toxic_longsword":2,"minecraft:smithing_table":1,"irons_spellbooks:arcane_anvil":1,"minecraft:iron_pickaxe":1,"minecraft:iron_block":21,"minecraft:gold_ingot":9,"sophisticatedbackpacks:netherite_backpack":1,"minecraft:diamond":27,"woodworks:birch_chest":6,"ironchest:gold_chest":6,"sophisticatedbackpacks:gold_backpack":1,"minecraft:iron_shovel":1,"minecraft:oak_planks":40,"minecraft:stone":68,"minecraft:oak_slab":6,"minecraft:crafting_table":6,"constructionwand:iron_wand":1,"minecraft:gold_block":21,"minecraft:birch_planks":108,"minecraft:paper":39,"sophisticatedbackpacks:diamond_backpack":2,"minecraft:stick":16,"minecraft:shears":1,"minecraft:diamond_block":3,"minecraft:polished_deepslate":32,"minecraft:iron_axe":1,"sophisticatedbackpacks:stack_upgrade_tier_2":1,"minecraft:netherite_scrap":0,"atmospheric:rosewood_planks":32,"sophisticatedbackpacks:iron_backpack":1,"minecraft:iron_sword":1,"minecraft:bucket":3,"minecraft:air":0,"woodworks:oak_chest":2,"minecraft:gold_nugget":9,"minecraft:diamond_chestplate":3,"ironchest:iron_chest":6}},"DataVersion":3120}