{"stats":{"minecraft:used":{"minecraft:chest":1,"minecraft:iron_sword":230,"constructionwand:iron_wand":10,"minecraft:tuff":14,"minecraft:lava_bucket":15,"minecraft:iron_helmet":1,"minecraft:stone_bricks":218,"supplementaries:bomb_blue":1,"minecraft:bow":213,"minecraft:mossy_stone_bricks":8,"minecraft:stone_pickaxe":4,"minecraft:oak_planks":38,"minecraft:sandstone":2,"minecraft:diamond_axe":184,"minecraft:golden_apple":60,"minecraft:loom":1,"ironchest:copper_chest":1,"waystones:waystone":1,"globalxp:xp_block":1,"simplyswords:toxic_longsword":867,"minecraft:trident":11,"waystones:sandy_waystone":1,"minecraft:iron_bars":12,"minecraft:stone_sword":1088,"woodworks:oak_chest":6,"gateways:gate_pearl":1,"minecraft:anvil":1,"minecraft:iron_axe":92,"minecraft:oak_stairs":4,"minecraft:golden_carrot":25,"ironchest:gold_chest":3,"minecraft:enchanted_golden_apple":5,"minecraft:water_bucket":3,"minecraft:birch_planks":19,"minecraft:cut_sandstone":14,"minecraft:mossy_cobblestone":1,"minecraft:diamond_block":3,"minecraft:crafting_table":3,"supplementaries:bomb":3,"constructionwand:stone_wand":10,"minecraft:diamond_pickaxe":1545,"minecraft:cobblestone":126,"minecraft:bucket":19,"minecraft:stripped_oak_log":3,"irons_spellbooks:inscription_table":1,"minecraft:chainmail_leggings":1},"minecraft:killed_by":{"alexsmobs:grizzly_bear":1,"majruszsdifficulty:cursed_armor":2,"enemyexpansion:invisicreeper":1,"minecraft:husk":1,"minecraft:player":8,"minecraft:iron_golem":5,"irons_spellbooks:dead_king":2},"minecraft:mined":{"minecraft:cut_sandstone_slab":8,"minecraft:spruce_planks":1,"minecraft:mossy_stone_brick_slab":1,"iter_rpg:weaved_hivestone":1,"minecraft:cobblestone_stairs":2,"iter_rpg:crumbling_hivestone":2,"minecraft:red_nether_bricks":1,"minecraft:obsidian":1,"minecraft:granite":6,"minecraft:stone_brick_wall":2,"minecraft:grass_block":3,"minecraft:jungle_log":5,"minecraft:oak_pressure_plate":1,"minecraft:coal_block":9,"ironchest:copper_chest":1,"minecraft:sandstone_stairs":1,"minecraft:spawner":46,"iter_rpg:infested_hivestone":1,"minecraft:mossy_cobblestone_slab":1,"minecraft:mossy_cobblestone_stairs":10,"minecraft:sticky_piston":7,"minecraft:iron_ore":1,"minecraft:cobbled_deepslate":1,"minecraft:fire":6,"ironchest:gold_chest":2,"minecraft:moss_carpet":1,"minecraft:black_carpet":1,"minecraft:anvil":1,"minecraft:nether_brick_stairs":3,"minecraft:pointed_dripstone":2,"minecraft:polished_deepslate_slab":3,"minecraft:dirt_path":2,"minecraft:iron_bars":60,"minecraft:oak_stairs":48,"minecraft:deepslate_brick_stairs":2,"minecraft:smooth_sandstone_stairs":3,"minecraft:sandstone_slab":2,"minecraft:cut_sandstone":62,"minecraft:quartz_block":17,"lootr:lootr_chest":3,"atmospheric:flowering_morado_leaves":1,"minecraft:torch":1,"minecraft:blast_furnace":2,"minecraft:dead_bush":1,"minecraft:cobblestone":86,"minecraft:oak_planks":16,"minecraft:bricks":7,"minecraft:deepslate_copper_ore":8,"minecraft:repeater":7,"byg:soapstone":22,"minecraft:blue_terracotta":3,"minecraft:nether_wart_block":1,"minecraft:birch_log":27,"minecraft:blue_ice":69,"minecraft:tnt":21,"minecraft:potted_poppy":1,"minecraft:stone_brick_stairs":29,"minecraft:grass":8,"minecraft:oak_log":2,"minecraft:loom":1,"minecraft:sand":1,"minecraft:sandstone_wall":2,"atmospheric:rosewood_log":15,"twigs:rhyolite":14,"minecraft:netherrack":4,"minecraft:deepslate":151,"minecraft:yellow_terracotta":8,"minecraft:tuff":76,"minecraft:mossy_cobblestone":45,"minecraft:candle":2,"minecraft:oak_door":1,"iter_rpg:cracked_hivestone":5,"minecraft:ladder":1,"minecraft:nether_bricks":29,"minecraft:dark_oak_fence":1,"minecraft:redstone_wire":5,"minecraft:polished_andesite_slab":2,"iter_rpg:big_vase":1,"minecraft:sandstone":108,"minecraft:rooted_dirt":2,"minecraft:hay_block":10,"minecraft:oak_trapdoor":1,"minecraft:packed_mud":1,"iter_rpg:spider_silk_block":4,"iter_rpg:small_vase":1,"minecraft:chiseled_sandstone":7,"minecraft:andesite":5,"minecraft:diamond_block":3,"minecraft:black_concrete":1,"minecraft:mossy_stone_brick_stairs":21,"minecraft:bookshelf":6,"minecraft:vine":26,"minecraft:stripped_oak_log":14,"minecraft:packed_ice":3,"minecraft:stone":111,"minecraft:oak_slab":4,"minecraft:soul_sand":1,"minecraft:infested_stone_bricks":1,"minecraft:stone_brick_slab":1,"minecraft:polished_granite":5,"minecraft:oak_fence":11,"minecraft:crafting_table":1,"minecraft:smooth_sandstone":10,"minecraft:sculk_sensor":1,"iter_rpg:cut_hivestone":3,"minecraft:copper_ore":3,"minecraft:deepslate_coal_ore":2,"iter_rpg:hivestone":14,"minecraft:diorite":10,"minecraft:birch_planks":1,"minecraft:coarse_dirt":3,"minecraft:polished_blackstone_stairs":1,"iter_rpg:hivestone_stairs":5,"iter_rpg:silky_hivestone":2,"minecraft:birch_leaves":1,"iter_rpg:spider_egg":27,"minecraft:gravel":6,"minecraft:dripstone_block":1,"minecraft:cobweb":28,"minecraft:cracked_stone_bricks":70,"minecraft:polished_andesite":6,"minecraft:polished_blackstone":2,"minecraft:stone_bricks":151,"minecraft:mossy_stone_bricks":56,"minecraft:fern":1},"minecraft:crafted":{"minecraft:oak_planks":36,"minecraft:crafting_table":2,"constructionwand:iron_wand":1,"minecraft:birch_planks":108,"sophisticatedbackpacks:diamond_backpack":2,"minecraft:diamond_block":3,"minecraft:diamond":27,"atmospheric:rosewood_planks":32,"sophisticatedbackpacks:iron_backpack":1,"woodworks:birch_chest":5,"ironchest:gold_chest":6,"sophisticatedbackpacks:gold_backpack":1,"minecraft:bucket":2,"ironchest:iron_chest":6},"minecraft:broken":{"minecraft:diamond_helmet":1,"minecraft:leather_leggings":1,"minecraft:iron_chestplate":1,"minecraft:iron_leggings":1,"minecraft:chainmail_chestplate":1,"minecraft:leather_helmet":1,"minecraft:diamond_chestplate":1,"minecraft:diamond_leggings":2,"minecraft:chainmail_helmet":1,"alexsmobs:emu_leggings":1,"minecraft:iron_helmet":1},"minecraft:dropped":{"minecraft:nether_brick_stairs":1,"iter_rpg:hivestone":2,"minecraft:soul_sand":3,"minecraft:oak_log":1,"relics:infinity_ham":1,"majruszsdifficulty:tattered_helmet":1,"minecraft:leather":32,"minecraft:mossy_stone_brick_stairs":14,"minecraft:cracked_stone_bricks":1,"undead_unleashed:grave_metal_scrap":5,"minecraft:cut_sandstone_slab":2,"minecraft:leather_helmet":2,"minecraft:dirt":2,"minecraft:dark_oak_fence":1,"immersive_armors:wooden_leggings":1,"minecraft:chain":1,"minecraft:pumpkin_pie":99,"minecraft:gold_ingot":112,"minecraft:gravel":1,"minecraft:polished_andesite_slab":2,"minecraft:iron_nugget":8,"minecraft:cobbled_deepslate":137,"minecraft:birch_sapling":1,"immersive_armors:wooden_boots":1,"minecraft:rotten_flesh":51,"enigmaticlegacy:tattered_tome":7,"minecraft:mossy_stone_brick_slab":1,"iter_rpg:cracked_hivestone":4,"minecraft:carrot":1,"supplementaries:flax_seeds":3,"supplementaries:ash":6,"minecraft:gunpowder":2,"apotheosis:gem":2,"minecraft:leather_leggings":2,"iter_rpg:weaved_hivestone":8,"iter_rpg:spider_silk":1,"minecraft:red_nether_bricks":1,"minecraft:iron_bars":5,"alexsmobs:banana":1,"minecraft:scaffolding":4,"minecraft:stone_brick_stairs":9,"minecraft:polished_granite":1,"minecraft:netherrack":6,"minecraft:magenta_carpet":1,"minecraft:wheat_seeds":2,"minecraft:mossy_cobblestone":8,"minecraft:dripstone_block":1,"ironchest:gold_chest":5,"minecraft:cobblestone":15,"enigmaticlegacy:golem_heart":2,"relics:midnight_robe":1,"minecraft:apple":2,"minecraft:coal_block":1,"minecraft:polished_andesite":1,"minecraft:stick":2,"minecraft:lava_bucket":1,"minecraft:diorite":6,"minecraft:torch":5,"byg:soapstone":16,"forbidden_arcanus:spawner_scrap":11,"minecraft:oak_stairs":4,"minecraft:white_banner":1,"minecraft:polished_basalt":3,"minecraft:mossy_cobblestone_stairs":4,"minecraft:chainmail_leggings":1,"minecraft:string":11,"irons_spellbooks:frozen_bone":1,"minecraft:coarse_dirt":3,"minecraft:stone_sword":2,"minecraft:tuff":5,"majruszsaccessories:tool_scraps":1,"minecraft:experience_bottle":1,"minecraft:chicken":1,"sophisticatedbackpacks:backpack":1,"undead_unleashed:grave_metal_sword":1,"minecraft:nether_bricks":45,"minecraft:polished_deepslate_stairs":3,"supplementaries:cage":1,"minecraft:shield":1,"minecraft:diamond_pickaxe":1,"minecraft:iron_chestplate":1,"minecraft:andesite":7,"minecraft:mossy_stone_bricks":19,"iter_rpg:silky_hivestone":7,"minecraft:redstone_torch":4,"minecraft:spider_eye":19,"minecraft:stone_bricks":32,"ars_elemental:fire_caster_tome":2,"immersive_armors:wooden_helmet":1},"minecraft:picked_up":{"irons_spellbooks:scroll":1,"ars_nouveau:caster_tome":1,"minecraft:iron_chestplate":2,"minecraft:anvil":1,"enigmaticlegacy:corrupted_tome":1,"minecraft:magenta_carpet":1,"minecraft:diamond_sword":1,"minecraft:oak_stairs":37,"minecraft:enchanted_book":2,"minecraft:golden_shovel":1,"minecraft:stone_brick_stairs":8,"minecraft:string":66,"apotheosis:epic_material":2,"minecraft:sticky_piston":2,"minecraft:experience_bottle":1,"minecraft:cobbled_deepslate":112,"alexsmobs:banana":1,"bosses_of_mass_destruction:soul_star":1,"minecraft:spruce_planks":1,"undead_unleashed:grave_metal_sword":2,"minecraft:coal_block":8,"farmersdelight:cabbage_seeds":16,"vinery:jungle_grape_seeds_white":2,"minecraft:tipped_arrow":2,"minecraft:stick":2,"apotheosis:rare_material":10,"apotheosis:gem":10,"minecraft:polished_deepslate_stairs":6,"minecraft:oak_fence":12,"minecraft:torch":5,"minecraft:sandstone_wall":1,"minecraft:pointed_dripstone":1,"minecraft:diorite":6,"gateways:gate_pearl":1,"quark:ancient_tome":1,"minecraft:stone_sword":4,"minecraft:rotten_flesh":123,"supplementaries:ash":11,"minecraft:deepslate_brick_stairs":2,"minecraft:iron_bars":4,"minecraft:cobblestone":152,"majruszsaccessories:tool_scraps":2,"minecraft:birch_log":27,"minecraft:leather_chestplate":3,"minecraft:cooked_beef":1,"minecraft:repeater":1,"minecraft:andesite":45,"minecraft:jungle_log":5,"minecraft:golden_leggings":2,"enigmaticlegacy:golem_heart":2,"majruszsaccessories:certificate_of_taming":2,"minecraft:tuff":68,"minecraft:smooth_sandstone_stairs":2,"supplementaries:flax_seeds":6,"minecraft:wither_skeleton_skull":2,"minecraft:dirt":39,"minecraft:cut_sandstone_slab":6,"minecraft:lantern":3,"minecraft:polished_granite":1,"minecraft:leather_boots":1,"irons_spellbooks:iron_spell_book":1,"minecraft:bone":63,"farmersdelight:iron_knife":1,"minecraft:bow":4,"minecraft:wheat_seeds":2,"minecraft:mossy_stone_bricks":22,"minecraft:diamond_helmet":1,"twigs:twig":1,"minecraft:oak_planks":26,"minecraft:mossy_stone_brick_stairs":6,"iter_rpg:silky_hivestone":7,"irons_spellbooks:frozen_bone":13,"iter_rpg:cracked_hivestone":4,"iter_rpg:spider_silk":1,"minecraft:oak_pressure_plate":11,"minecraft:sand":1,"undead_unleashed:grave_metal_leggings":1,"minecraft:loom":1,"minecraft:chiseled_sandstone":5,"minecraft:mossy_cobblestone":22,"forbidden_arcanus:ender_pearl_fragment":1,"minecraft:polished_andesite":5,"minecraft:blue_terracotta":3,"minecraft:black_concrete":1,"minecraft:granite":6,"minecraft:golden_apple":22,"minecraft:chainmail_helmet":1,"minecraft:emerald":3,"minecraft:rooted_dirt":1,"twigs:rhyolite":47,"minecraft:netherrack":4,"minecraft:diamond_pickaxe":1,"iter_rpg:spawner_fragment":3,"minecraft:coarse_dirt":3,"byg:soapstone":4,"minecraft:sandstone_slab":1,"minecraft:chicken":2,"minecraft:leather_leggings":5,"minecraft:brown_mushroom":64,"minecraft:wooden_pickaxe":1,"enigmaticlegacy:tattered_tome":4,"minecraft:chain":1,"minecraft:shield":1,"minecraft:stripped_mangrove_log":1,"minecraft:oak_trapdoor":1,"minecraft:iron_axe":1,"minecraft:netherite_scrap":6,"minecraft:cracked_stone_bricks":21,"minecraft:candle":6,"iter_rpg:coin":1,"byg:pink_allium_flower_bush":1,"minecraft:beef":2,"irons_spellbooks:epic_ink":1,"minecraft:iron_nugget":17,"minecraft:chest":3,"minecraft:birch_sapling":1,"minecraft:sandstone":73,"minecraft:oak_door":1,"sophisticatedbackpacks:backpack":1,"enigmaticlegacy:extradimensional_eye":1,"minecraft:carrot":11,"atmospheric:rosewood_log":14,"twilightforest:raw_meef":2,"minecraft:tnt":19,"irons_spellbooks:evocation_rune":1,"ars_elemental:fire_caster_tome":1,"minecraft:pumpkin_pie":12,"minecraft:nether_bricks":28,"minecraft:diamond_boots":2,"minecraft:hay_block":5,"minecraft:yellow_terracotta":8,"minecraft:gold_ingot":19,"minecraft:mutton":14,"cisco_mod:champion_coin":4,"forbidden_arcanus:spawner_scrap":15,"apotheosis:sigil_of_socketing":1,"minecraft:stripped_oak_log":12,"minecraft:air":113,"minecraft:leather":1,"minecraft:cut_sandstone":44,"majruszsdifficulty:tattered_helmet":1,"savage_and_ravage:creeper_spores":1,"minecraft:nether_wart_block":1,"minecraft:golden_boots":1,"minecraft:gunpowder":5,"relics:midnight_robe":1,"minecraft:white_banner":2,"unusualend:wandering_pearl":1,"minecraft:smooth_sandstone":10,"minecraft:red_carpet":1,"minecraft:apple":4,"minecraft:stone_bricks":17,"minecraft:iron_ingot":22,"minecraft:polished_andesite_slab":2,"apotheosis:gem_dust":6,"minecraft:iron_sword":1,"minecraft:soul_sand":3,"minecraft:book":15,"minecraft:scaffolding":8,"minecraft:chiseled_stone_bricks":1,"minecraft:gravel":16,"minecraft:lava_bucket":1,"undead_unleashed:grave_metal_scrap":36,"iter_rpg:hivestone":2,"minecraft:spider_eye":31,"minecraft:mossy_stone_brick_slab":1,"minecraft:spruce_door":1,"minecraft:leather_helmet":4,"minecraft:diamond_shovel":1,"minecraft:chainmail_leggings":2,"minecraft:iron_helmet":1,"iter_rpg:weaved_hivestone":8,"minecraft:diamond_axe":1,"minecraft:mossy_cobblestone_stairs":1,"undead_unleashed:grave_metal_axe":1,"minecraft:coal":5,"minecraft:ender_pearl":1},"minecraft:custom":{"enigmaticlegacy:play_time_with_seven_curses":0,"lootr:looted_stat":202,"minecraft:interact_with_crafting_table":37,"minecraft:open_barrel":1,"minecraft:leave_game":2,"minecraft:time_since_death":10881,"minecraft:damage_resisted":1170,"minecraft:sprint_one_cm":173534,"minecraft:drop":163,"minecraft:play_noteblock":1,"minecraft:talked_to_villager":1,"minecraft:play_time":406339,"minecraft:deaths":20,"minecraft:jump":1827,"minecraft:walk_on_water_one_cm":45791,"minecraft:interact_with_loom":1,"minecraft:waystone_activated":3,"minecraft:damage_dealt":241422,"minecraft:player_kills":2,"minecraft:crouch_one_cm":47558,"minecraft:inspect_dispenser":2,"minecraft:horse_one_cm":4826,"minecraft:interact_with_anvil":4,"minecraft:mob_kills":425,"minecraft:damage_dealt_resisted":2081,"minecraft:climb_one_cm":21679,"minecraft:walk_one_cm":1664913,"minecraft:damage_dealt_absorbed":157,"minecraft:walk_under_water_one_cm":12398,"minecraft:sneak_time":16133,"minecraft:interact_with_lectern":1,"minecraft:total_world_time":406339,"enigmaticlegacy:play_time_without_seven_curses":1065820,"minecraft:time_since_rest":10927,"minecraft:damage_taken":32411,"minecraft:damage_absorbed":25430,"minecraft:use_wand":46,"minecraft:swim_one_cm":1566,"minecraft:fly_one_cm":244227,"minecraft:open_chest":10,"minecraft:fall_one_cm":76974},"minecraft:killed":{"iter_rpg:goblin":1,"minecraft:cave_spider":24,"minecraft:spider":12,"minecraft:skeleton":28,"savage_and_ravage:griefer":1,"minecraft:silverfish":57,"savage_and_ravage:creepie":7,"irons_spellbooks:summoned_skeleton":3,"twilightforest:minotaur":1,"minecraft:iron_golem":1,"iter_rpg:spiderling":116,"irons_spellbooks:necromancer":1,"minecraft:creeper":5,"minecraft:pillager":2,"minecraft:zombie":61,"minecraft:mooshroom":1,"enemyexpansion:botfly":16,"minecraft:stray":7,"undead_unleashed:haunter":3,"irons_spellbooks:summoned_zombie":4,"minecraft:vindicator":3,"goblintraders:goblin_trader":1,"iter_rpg:hobgoblin":1,"minecraft:husk":27,"aquamirae:maw":1,"iter_rpg:peeper":3,"majruszsdifficulty:cursed_armor":21,"enemyexpansion:sprinter":1,"whisperwoods:zotzpyre":3,"iter_rpg:goblin_warrior":4,"iter_rpg:giant_spider":1,"minecraft:wither_skeleton":10,"minecraft:enderman":1}},"DataVersion":3120}