{"stats":{"minecraft:used":{"minecraft:stone_sword":514,"minecraft:iron_bars":12,"minecraft:iron_sword":230,"minecraft:tuff":14,"minecraft:lava_bucket":4,"minecraft:iron_axe":92,"minecraft:oak_stairs":1,"minecraft:iron_helmet":1,"minecraft:stone_bricks":215,"supplementaries:bomb_blue":1,"minecraft:bow":89,"minecraft:golden_carrot":25,"minecraft:enchanted_golden_apple":1,"minecraft:mossy_stone_bricks":8,"minecraft:stone_pickaxe":4,"minecraft:oak_planks":38,"minecraft:diamond_axe":98,"minecraft:golden_apple":38,"supplementaries:bomb":3,"minecraft:crafting_table":2,"minecraft:diamond_pickaxe":953,"minecraft:cobblestone":86,"minecraft:bucket":4,"simplyswords:toxic_longsword":316,"minecraft:chainmail_leggings":1},"minecraft:killed_by":{"minecraft:player":6,"minecraft:iron_golem":5,"alexsmobs:grizzly_bear":1,"majruszsdifficulty:cursed_armor":2,"enemyexpansion:invisicreeper":1},"minecraft:mined":{"minecraft:tuff":60,"minecraft:spruce_planks":1,"minecraft:mossy_cobblestone":38,"minecraft:mossy_stone_brick_slab":1,"iter_rpg:weaved_hivestone":1,"minecraft:cobblestone_stairs":1,"iter_rpg:crumbling_hivestone":2,"minecraft:red_nether_bricks":1,"iter_rpg:cracked_hivestone":5,"minecraft:nether_bricks":29,"minecraft:granite":6,"minecraft:dark_oak_fence":1,"minecraft:grass_block":3,"minecraft:jungle_log":5,"minecraft:coal_block":1,"iter_rpg:big_vase":1,"minecraft:rooted_dirt":2,"minecraft:spawner":40,"iter_rpg:infested_hivestone":1,"minecraft:mossy_cobblestone_slab":1,"iter_rpg:spider_silk_block":4,"minecraft:packed_mud":1,"minecraft:mossy_cobblestone_stairs":10,"iter_rpg:small_vase":1,"minecraft:fire":3,"minecraft:iron_ore":1,"minecraft:cobbled_deepslate":1,"minecraft:andesite":5,"minecraft:nether_brick_stairs":3,"minecraft:mossy_stone_brick_stairs":21,"minecraft:bookshelf":6,"minecraft:pointed_dripstone":2,"minecraft:dirt_path":2,"minecraft:vine":26,"minecraft:oak_stairs":8,"minecraft:iron_bars":60,"minecraft:packed_ice":3,"minecraft:stone":63,"minecraft:quartz_block":17,"minecraft:soul_sand":1,"minecraft:infested_stone_bricks":1,"atmospheric:flowering_morado_leaves":1,"minecraft:polished_granite":5,"iter_rpg:cut_hivestone":3,"minecraft:copper_ore":3,"minecraft:cobblestone":34,"minecraft:oak_planks":10,"iter_rpg:hivestone":14,"minecraft:bricks":7,"minecraft:diorite":10,"minecraft:deepslate_copper_ore":8,"byg:soapstone":22,"minecraft:coarse_dirt":3,"minecraft:nether_wart_block":1,"minecraft:birch_log":27,"minecraft:blue_ice":47,"iter_rpg:hivestone_stairs":5,"iter_rpg:silky_hivestone":2,"minecraft:birch_leaves":1,"minecraft:tnt":1,"minecraft:stone_brick_stairs":24,"minecraft:grass":1,"iter_rpg:spider_egg":27,"minecraft:oak_log":2,"minecraft:gravel":5,"minecraft:dripstone_block":1,"minecraft:cobweb":24,"atmospheric:rosewood_log":15,"minecraft:cracked_stone_bricks":38,"twigs:rhyolite":14,"minecraft:stone_bricks":82,"minecraft:netherrack":4,"minecraft:mossy_stone_bricks":56,"minecraft:deepslate":131},"minecraft:crafted":{"minecraft:oak_planks":4,"atmospheric:rosewood_planks":32,"sophisticatedbackpacks:iron_backpack":1,"minecraft:crafting_table":2,"sophisticatedbackpacks:gold_backpack":1,"minecraft:bucket":1,"sophisticatedbackpacks:diamond_backpack":2},"minecraft:broken":{"minecraft:leather_helmet":1,"minecraft:diamond_chestplate":1,"minecraft:diamond_helmet":1,"minecraft:iron_chestplate":1,"minecraft:diamond_leggings":1,"minecraft:chainmail_helmet":1,"alexsmobs:emu_leggings":1,"minecraft:chainmail_chestplate":1,"minecraft:iron_helmet":1},"minecraft:dropped":{"iter_rpg:hivestone":2,"minecraft:soul_sand":3,"minecraft:magenta_carpet":1,"minecraft:oak_log":1,"minecraft:mossy_cobblestone":8,"minecraft:dripstone_block":1,"minecraft:cobblestone":1,"relics:infinity_ham":1,"enigmaticlegacy:golem_heart":2,"majruszsdifficulty:tattered_helmet":1,"relics:midnight_robe":1,"minecraft:leather":32,"minecraft:mossy_stone_brick_stairs":14,"minecraft:cracked_stone_bricks":1,"undead_unleashed:grave_metal_scrap":5,"minecraft:leather_helmet":2,"minecraft:coal_block":1,"minecraft:lava_bucket":1,"minecraft:dirt":2,"minecraft:diorite":6,"minecraft:torch":5,"immersive_armors:wooden_leggings":1,"byg:soapstone":16,"forbidden_arcanus:spawner_scrap":9,"minecraft:white_banner":1,"minecraft:chain":1,"minecraft:oak_stairs":4,"minecraft:pumpkin_pie":99,"minecraft:polished_basalt":3,"minecraft:mossy_cobblestone_stairs":4,"minecraft:chainmail_leggings":1,"minecraft:string":9,"irons_spellbooks:frozen_bone":1,"minecraft:gravel":1,"minecraft:iron_nugget":8,"minecraft:coarse_dirt":3,"minecraft:stone_sword":2,"minecraft:cobbled_deepslate":129,"majruszsaccessories:tool_scraps":1,"minecraft:birch_sapling":1,"immersive_armors:wooden_boots":1,"minecraft:experience_bottle":1,"minecraft:rotten_flesh":21,"enigmaticlegacy:tattered_tome":7,"minecraft:mossy_stone_brick_slab":1,"undead_unleashed:grave_metal_sword":1,"iter_rpg:cracked_hivestone":4,"minecraft:nether_bricks":45,"supplementaries:cage":1,"supplementaries:ash":1,"supplementaries:flax_seeds":3,"minecraft:shield":1,"minecraft:gunpowder":2,"iter_rpg:silky_hivestone":7,"minecraft:mossy_stone_bricks":19,"minecraft:iron_chestplate":1,"minecraft:andesite":7,"apotheosis:gem":2,"iter_rpg:spider_silk":1,"minecraft:leather_leggings":2,"minecraft:redstone_torch":4,"iter_rpg:weaved_hivestone":8,"minecraft:stone_bricks":32,"minecraft:spider_eye":19,"minecraft:iron_bars":5,"minecraft:red_nether_bricks":1,"ars_elemental:fire_caster_tome":2,"alexsmobs:banana":1,"minecraft:stone_brick_stairs":9,"minecraft:polished_granite":1,"immersive_armors:wooden_helmet":1,"minecraft:netherrack":6,"minecraft:nether_brick_stairs":1},"minecraft:picked_up":{"iter_rpg:spawner_fragment":2,"irons_spellbooks:scroll":1,"ars_nouveau:caster_tome":1,"minecraft:iron_chestplate":2,"minecraft:coarse_dirt":3,"byg:soapstone":4,"enigmaticlegacy:corrupted_tome":1,"minecraft:leather_leggings":4,"minecraft:magenta_carpet":1,"minecraft:diamond_sword":1,"minecraft:wooden_pickaxe":1,"minecraft:oak_stairs":1,"minecraft:enchanted_book":2,"minecraft:golden_shovel":1,"enigmaticlegacy:tattered_tome":4,"minecraft:stone_brick_stairs":1,"minecraft:shield":1,"minecraft:string":60,"apotheosis:epic_material":1,"minecraft:netherite_scrap":5,"minecraft:experience_bottle":1,"minecraft:cracked_stone_bricks":18,"alexsmobs:banana":1,"minecraft:cobbled_deepslate":106,"bosses_of_mass_destruction:soul_star":1,"minecraft:spruce_planks":1,"byg:pink_allium_flower_bush":1,"undead_unleashed:grave_metal_sword":2,"irons_spellbooks:epic_ink":1,"minecraft:iron_nugget":11,"minecraft:birch_sapling":1,"farmersdelight:cabbage_seeds":16,"apotheosis:gem":6,"apotheosis:rare_material":5,"minecraft:oak_fence":1,"minecraft:torch":5,"enigmaticlegacy:extradimensional_eye":1,"minecraft:pointed_dripstone":1,"minecraft:diorite":6,"gateways:gate_pearl":1,"minecraft:carrot":8,"ars_elemental:fire_caster_tome":1,"atmospheric:rosewood_log":14,"twilightforest:raw_meef":2,"irons_spellbooks:evocation_rune":1,"minecraft:tnt":3,"quark:ancient_tome":1,"minecraft:stone_sword":4,"minecraft:rotten_flesh":36,"minecraft:pumpkin_pie":12,"minecraft:nether_bricks":28,"minecraft:diamond_boots":1,"minecraft:gold_ingot":19,"supplementaries:ash":1,"minecraft:iron_bars":4,"cisco_mod:champion_coin":4,"forbidden_arcanus:spawner_scrap":12,"minecraft:cobblestone":106,"apotheosis:sigil_of_socketing":1,"minecraft:birch_log":27,"majruszsaccessories:tool_scraps":1,"minecraft:leather_chestplate":3,"minecraft:air":46,"minecraft:cooked_beef":1,"minecraft:jungle_log":5,"minecraft:andesite":45,"minecraft:golden_leggings":2,"majruszsdifficulty:tattered_helmet":1,"enigmaticlegacy:golem_heart":2,"savage_and_ravage:creeper_spores":1,"minecraft:tuff":67,"supplementaries:flax_seeds":6,"minecraft:wither_skeleton_skull":1,"minecraft:golden_boots":1,"minecraft:nether_wart_block":1,"minecraft:gunpowder":5,"relics:midnight_robe":1,"minecraft:dirt":5,"minecraft:lantern":1,"minecraft:white_banner":1,"minecraft:polished_granite":1,"unusualend:wandering_pearl":1,"minecraft:leather_boots":1,"minecraft:bone":57,"minecraft:red_carpet":1,"irons_spellbooks:iron_spell_book":1,"minecraft:stone_bricks":16,"minecraft:bow":3,"minecraft:iron_ingot":21,"minecraft:mossy_stone_bricks":22,"minecraft:diamond_helmet":1,"apotheosis:gem_dust":4,"minecraft:oak_planks":23,"minecraft:iron_sword":1,"minecraft:mossy_stone_brick_stairs":6,"minecraft:soul_sand":3,"iter_rpg:silky_hivestone":7,"minecraft:book":15,"irons_spellbooks:frozen_bone":13,"minecraft:chiseled_stone_bricks":1,"iter_rpg:cracked_hivestone":4,"iter_rpg:spider_silk":1,"minecraft:lava_bucket":1,"minecraft:gravel":2,"undead_unleashed:grave_metal_leggings":1,"undead_unleashed:grave_metal_scrap":32,"iter_rpg:hivestone":2,"minecraft:mossy_stone_brick_slab":1,"minecraft:spruce_door":1,"minecraft:mossy_cobblestone":22,"minecraft:leather_helmet":4,"minecraft:spider_eye":31,"forbidden_arcanus:ender_pearl_fragment":1,"minecraft:diamond_shovel":1,"minecraft:emerald":1,"iter_rpg:weaved_hivestone":8,"minecraft:chainmail_leggings":2,"minecraft:diamond_axe":1,"minecraft:iron_helmet":1,"minecraft:granite":6,"minecraft:golden_apple":22,"minecraft:mossy_cobblestone_stairs":1,"undead_unleashed:grave_metal_axe":1,"minecraft:chainmail_helmet":1,"minecraft:rooted_dirt":1,"twigs:rhyolite":47,"minecraft:netherrack":4,"minecraft:coal":5,"minecraft:diamond_pickaxe":1,"minecraft:ender_pearl":1},"minecraft:custom":{"enigmaticlegacy:play_time_with_seven_curses":0,"lootr:looted_stat":107,"minecraft:mob_kills":317,"minecraft:interact_with_crafting_table":8,"minecraft:open_barrel":1,"minecraft:damage_dealt_resisted":1598,"minecraft:leave_game":2,"minecraft:time_since_death":23386,"minecraft:climb_one_cm":11919,"minecraft:damage_resisted":182,"minecraft:sprint_one_cm":117566,"minecraft:walk_one_cm":921925,"minecraft:drop":137,"minecraft:damage_dealt_absorbed":117,"minecraft:talked_to_villager":1,"minecraft:play_time":250339,"minecraft:deaths":15,"minecraft:sneak_time":9551,"minecraft:walk_under_water_one_cm":6666,"minecraft:interact_with_lectern":1,"minecraft:jump":1088,"minecraft:walk_on_water_one_cm":32013,"minecraft:total_world_time":250339,"enigmaticlegacy:play_time_without_seven_curses":909998,"minecraft:time_since_rest":23444,"minecraft:damage_taken":22642,"minecraft:damage_absorbed":11415,"minecraft:damage_dealt":117136,"minecraft:fly_one_cm":147526,"minecraft:player_kills":1,"minecraft:open_chest":1,"minecraft:crouch_one_cm":29692,"minecraft:horse_one_cm":1181,"minecraft:fall_one_cm":41758},"minecraft:killed":{"minecraft:cave_spider":24,"minecraft:spider":12,"minecraft:vindicator":3,"minecraft:skeleton":19,"savage_and_ravage:griefer":1,"minecraft:silverfish":57,"savage_and_ravage:creepie":7,"twilightforest:minotaur":1,"minecraft:iron_golem":1,"iter_rpg:peeper":3,"iter_rpg:spiderling":116,"enemyexpansion:sprinter":1,"majruszsdifficulty:cursed_armor":21,"minecraft:creeper":5,"whisperwoods:zotzpyre":2,"minecraft:pillager":1,"minecraft:zombie":21,"enemyexpansion:botfly":1,"minecraft:stray":7,"iter_rpg:giant_spider":1,"undead_unleashed:haunter":2,"minecraft:wither_skeleton":10,"minecraft:enderman":1}},"DataVersion":3120}