{"stats":{"minecraft:picked_up":{"irons_spellbooks:arcane_anvil":1,"minecraft:iron_chestplate":2,"minecraft:chainmail_boots":5,"minecraft:anvil":1,"undead_unleashed:cursed_cloth":1,"minecraft:magenta_carpet":1,"minecraft:lead":2,"minecraft:diamond_sword":1,"minecraft:oak_stairs":37,"minecraft:wither_rose":3,"minecraft:enchanted_book":6,"minecraft:golden_shovel":1,"minecraft:golden_sword":1,"minecraft:amethyst_block":47,"minecraft:polished_deepslate":3,"apotheosis:epic_material":3,"minecraft:polished_blackstone_brick_stairs":50,"minecraft:string":104,"relics:magic_mirror":2,"minecraft:red_nether_bricks":2,"minecraft:diamond_leggings":3,"minecraft:gold_nugget":73,"minecraft:cobbled_deepslate":285,"bosses_of_mass_destruction:soul_star":2,"minecraft:spruce_planks":1,"celestisynth:lunar_stone":64,"undead_unleashed:grave_metal_sword":2,"whisperwoods:ghost_light_electric_blue":1,"irons_spellbooks:blank_rune":1,"minecraft:coal_block":25,"relics:blazing_flask":1,"minecraft:golden_helmet":3,"minecraft:polished_blackstone_brick_slab":21,"apotheosis:rare_material":30,"minecraft:polished_blackstone_stairs":1,"minecraft:acacia_log":6,"minecraft:sandstone_wall":1,"ironchest:gold_chest":1,"enigmaticlegacy:withered_tome":13,"gateways:gate_pearl":1,"minecraft:deepslate_tile_stairs":2,"minecraft:golden_chestplate":4,"minecraft:green_terracotta":33,"minecraft:chiseled_nether_bricks":1,"minecraft:stone_sword":13,"minecraft:light_blue_wool":2,"minecraft:cyan_terracotta":10,"minecraft:bookshelf":5,"supplementaries:ash":11,"minecraft:blaze_rod":39,"minecraft:iron_bars":42,"minecraft:birch_log":27,"majruszsaccessories:tool_scraps":3,"minecraft:magma_block":59,"minecraft:feather":4,"minecraft:cooked_beef":1,"minecraft:jungle_log":5,"enigmaticlegacy:golem_heart":2,"minecraft:flint":1,"iter_rpg:grimstone_bricks":2,"minecraft:gray_concrete":1,"minecraft:lantern":3,"stalwart_dungeons:blaze_armor_scrap":3,"irons_spellbooks:iron_spell_book":2,"minecraft:chipped_anvil":1,"forbidden_arcanus:rune":4,"majruszsaccessories:dice":2,"minecraft:diamond_helmet":4,"minecraft:glowstone_dust":348,"apotheosis:mythic_material":1,"iter_rpg:silky_hivestone":7,"iter_rpg:grimstone":41,"minecraft:chiseled_polished_blackstone":1,"irons_spellbooks:legendary_ink":1,"iter_rpg:cracked_hivestone":4,"minecraft:lime_terracotta":30,"minecraft:loom":1,"enigmaticlegacy:earth_heart":1,"minecraft:polished_andesite":5,"minecraft:blue_terracotta":3,"minecraft:granite":6,"minecraft:chainmail_helmet":8,"minecraft:bread":8,"minecraft:rooted_dirt":1,"twigs:rhyolite":47,"iter_rpg:ametrine_block":1,"minecraft:diamond_pickaxe":3,"minecraft:coarse_dirt":3,"minecraft:sandstone_slab":1,"minecraft:nether_wart":10,"minecraft:leather_leggings":11,"minecraft:infested_cobblestone":29,"enigmaticlegacy:tattered_tome":12,"minecraft:stripped_mangrove_log":1,"ringsofascension:ring_wither":1,"relics:leather_belt":1,"apotheosis:simple_reforging_table":1,"minecraft:netherite_scrap":15,"apotheosis:gem_cutting_table":1,"minecraft:cracked_stone_bricks":30,"iter_rpg:coin":1,"byg:pink_allium_flower_bush":1,"minecraft:beef":2,"minecraft:iron_nugget":29,"minecraft:poppy":3,"minecraft:chest":5,"minecraft:birch_sapling":1,"relics:magma_walker":1,"minecraft:sandstone":73,"minecraft:oak_door":1,"relics:rage_glove":1,"sophisticatedbackpacks:backpack":2,"enigmaticlegacy:extradimensional_eye":1,"minecraft:carrot":11,"majruszsaccessories:adventurer_kit":1,"minecraft:redstone":63,"atmospheric:rosewood_log":14,"minecraft:prismarine_crystals":104,"enigmaticlegacy:unholy_grail":1,"minecraft:tnt":19,"irons_spellbooks:evocation_rune":1,"minecraft:diamond_chestplate":3,"celestisynth:solar_crystal":18,"minecraft:deepslate_bricks":1,"minecraft:diamond_boots":6,"minecraft:hay_block":5,"minecraft:cracked_deepslate_bricks":3,"minecraft:yellow_terracotta":67,"mowziesmobs:umvuthana_mask_bliss":2,"minecraft:gold_ingot":19,"minecraft:totem_of_undying":1,"minecraft:polished_blackstone":26,"minecraft:mutton":14,"cisco_mod:champion_coin":15,"ars_nouveau:amethyst_golem_charm":5,"cisco_mod:band_of_brilliance":1,"minecraft:stripped_oak_log":12,"majruszsdifficulty:tattered_helmet":2,"majruszsdifficulty:cloth":11,"minecraft:oak_log":7,"minecraft:ancient_debris":1,"minecraft:golden_boots":2,"undead_unleashed:charstone_shard":64,"minecraft:paper":100,"minecraft:white_banner":2,"unusualend:wandering_pearl":1,"sophisticatedbackpacks:upgrade_base":3,"minecraft:apple":5,"minecraft:stone_bricks":39,"mowziesmobs:umvuthana_mask_rage":2,"minecraft:cobweb":19,"undead_unleashed:grave_metal_boots":1,"apotheosis:gem_dust":13,"minecraft:iron_sword":2,"forbidden_arcanus:darkstone":2,"iter_rpg:chiseled_grimstone_bricks":7,"minecraft:cracked_nether_bricks":4,"minecraft:gravel":22,"enigmaticlegacy:void_stone":1,"iter_rpg:hivestone":2,"minecraft:crying_obsidian":7,"minecraft:leather_helmet":12,"minecraft:diamond_shovel":1,"minecraft:diamond_axe":3,"minecraft:polished_blackstone_brick_wall":34,"enigmaticlegacy:eye_of_nebula":1,"mowziesmobs:umvuthana_mask_fear":1,"minecraft:ender_pearl":1,"irons_spellbooks:scroll":14,"ars_nouveau:caster_tome":2,"minecraft:redstone_block":1,"minecraft:nether_brick_fence":6,"enigmaticlegacy:corrupted_tome":4,"minecraft:potion":1,"undead_unleashed:grave_metal_chestplate":1,"minecraft:gilded_blackstone":31,"minecraft:stone_brick_stairs":8,"minecraft:raw_copper":59,"minecraft:sticky_piston":2,"minecraft:experience_bottle":12,"minecraft:zombie_head":1,"irons_spellbooks:arcane_essence":65,"alexsmobs:banana":1,"delightful:acorn":1,"minecraft:cobblestone_slab":2,"minecraft:ender_eye":1,"nethersdelight:hoglin_sirloin":7,"irons_spellbooks:inscription_table":1,"farmersdelight:cabbage_seeds":16,"vinery:jungle_grape_seeds_white":2,"minecraft:iron_boots":1,"minecraft:tipped_arrow":105,"minecraft:stick":8,"apotheosis:gem":44,"minecraft:oak_fence":12,"minecraft:polished_deepslate_stairs":6,"minecraft:torch":9,"minecraft:pointed_dripstone":1,"minecraft:diorite":6,"quark:ancient_tome":2,"minecraft:rotten_flesh":354,"twilightforest:knightmetal_shield":1,"minecraft:deepslate_brick_stairs":2,"minecraft:obsidian":85,"minecraft:blaze_powder":3,"minecraft:cobblestone":304,"minecraft:enchanting_table":3,"minecraft:leather_chestplate":13,"minecraft:magma_cream":5,"minecraft:repeater":1,"minecraft:andesite":45,"minecraft:golden_leggings":2,"majruszsaccessories:certificate_of_taming":2,"minecraft:tuff":81,"minecraft:smooth_sandstone_stairs":2,"supplementaries:flax_seeds":6,"minecraft:wither_skeleton_skull":4,"minecraft:lapis_lazuli":370,"minecraft:dirt":103,"minecraft:cut_sandstone_slab":6,"minecraft:polished_granite":1,"enigmaticlegacy:monster_charm":1,"minecraft:leather_boots":4,"irons_spellbooks:hogskin":6,"minecraft:glass":64,"minecraft:bone":430,"farmersdelight:iron_knife":1,"minecraft:bow":14,"minecraft:wheat_seeds":2,"minecraft:raw_gold":15,"minecraft:mossy_stone_bricks":24,"twigs:twig":8,"minecraft:oak_planks":33,"minecraft:mossy_stone_brick_stairs":6,"minecraft:ghast_tear":1,"irons_spellbooks:frozen_bone":371,"simplyswords:toxic_longsword":2,"iter_rpg:spider_silk":3,"minecraft:oak_pressure_plate":11,"iter_rpg:magmanum_block":2,"minecraft:polished_blackstone_slab":1,"undead_unleashed:grave_metal_leggings":2,"minecraft:jungle_planks":1,"minecraft:sand":1,"minecraft:nether_brick_stairs":10,"minecraft:chiseled_sandstone":5,"byg:magmatic_stone":2,"minecraft:mossy_cobblestone":28,"irons_spellbooks:blaze_spell_book":1,"forbidden_arcanus:ender_pearl_fragment":3,"minecraft:diamond":12,"minecraft:black_concrete":1,"waystones:waystone":1,"minecraft:cracked_polished_blackstone_bricks":62,"minecraft:golden_apple":22,"minecraft:emerald":6,"minecraft:oak_sapling":3,"minecraft:netherrack":1499,"cisco_mod:brightsteel_ingot":3,"relics:space_dissector":1,"iter_rpg:spawner_fragment":32,"byg:soapstone":8,"minecraft:chicken":2,"irons_spellbooks:necronomicon_spell_book":1,"minecraft:brown_mushroom":65,"transmog:transmogrification_table":1,"minecraft:wooden_pickaxe":2,"minecraft:gold_block":31,"stalwart_dungeons:soul_bricks":1,"minecraft:chain":1,"minecraft:shield":14,"minecraft:oak_trapdoor":1,"minecraft:iron_axe":1,"minecraft:wooden_sword":1,"minecraft:candle":6,"twilightforest:fiery_pickaxe":1,"irons_spellbooks:epic_ink":1,"minecraft:raw_iron":30,"forbidden_arcanus:bat_wing":1,"bygonenether:cobbled_blackstone":226,"iter_rpg:cracked_grimstone_bricks":13,"endrem:nether_eye":1,"minecraft:polished_blackstone_bricks":222,"twilightforest:raw_meef":2,"minecraft:arrow":223,"ars_elemental:fire_caster_tome":1,"stalwart_dungeons:raw_tungsten":22,"minecraft:pumpkin_pie":12,"majruszsaccessories:lucky_rock":2,"minecraft:nether_bricks":126,"relics:spatial_sign":1,"majruszsdifficulty:cerberus_fang":3,"forbidden_arcanus:spawner_scrap":52,"apotheosis:sigil_of_socketing":3,"mowziesmobs:umvuthana_mask_fury":1,"minecraft:air":211,"minecraft:basalt":1,"minecraft:leather":28,"minecraft:cut_sandstone":44,"cisco_mod:slumbering_equillibrium":1,"twilightforest:ironwood_chestplate":1,"minecraft:birch_planks":15,"savage_and_ravage:creeper_spores":1,"minecraft:chainmail_chestplate":7,"minecraft:nether_wart_block":2,"minecraft:gunpowder":27,"minecraft:cobblestone_stairs":2,"relics:midnight_robe":1,"irons_spellbooks:rare_ink":1,"minecraft:smooth_sandstone":10,"minecraft:red_carpet":2,"minecraft:red_nether_brick_stairs":2,"minecraft:iron_ingot":32,"minecraft:polished_andesite_slab":2,"minecraft:soul_sand":20,"relics:bastion_ring":1,"minecraft:book":252,"minecraft:scaffolding":8,"byg:raw_quartz_block":58,"minecraft:chiseled_stone_bricks":1,"minecraft:quartz":198,"minecraft:lava_bucket":1,"minecraft:amethyst_shard":36,"undead_unleashed:grave_metal_scrap":155,"minecraft:spider_eye":35,"minecraft:mossy_stone_brick_slab":1,"minecraft:spruce_door":1,"minecraft:chainmail_leggings":7,"iter_rpg:weaved_hivestone":8,"minecraft:iron_helmet":3,"minecraft:mossy_cobblestone_stairs":3,"undead_unleashed:grave_metal_axe":2,"majruszsdifficulty:tattered_chestplate":1,"minecraft:coal":48},"minecraft:mined":{"minecraft:cut_sandstone_slab":8,"minecraft:red_nether_bricks":15,"minecraft:obsidian":265,"minecraft:granite":22,"minecraft:acacia_log":6,"minecraft:chiseled_polished_blackstone":1,"minecraft:stone_brick_wall":2,"iter_rpg:grimstone_bricks_wall":3,"iter_rpg:cracked_grimstone_bricks":16,"minecraft:jungle_log":5,"minecraft:deepslate_bricks":7,"minecraft:oak_pressure_plate":1,"minecraft:coal_block":36,"minecraft:deepslate_tile_stairs":4,"apotheosis:simple_reforging_table":1,"ironchest:copper_chest":1,"minecraft:nether_wart":4,"minecraft:chiseled_stone_bricks":1,"minecraft:spawner":155,"iter_rpg:infested_hivestone":1,"minecraft:polished_blackstone_bricks":275,"minecraft:magma_block":113,"minecraft:mossy_cobblestone_stairs":16,"minecraft:cobbled_deepslate":11,"minecraft:sticky_piston":7,"minecraft:fire":11,"ironchest:gold_chest":3,"minecraft:moss_carpet":1,"byg:quartzite_sand":6,"minecraft:deepslate_lapis_ore":63,"minecraft:nether_brick_stairs":46,"minecraft:sculk_shrieker":10,"minecraft:polished_deepslate_slab":3,"minecraft:dirt_path":2,"minecraft:oak_stairs":50,"stalwart_dungeons:soul_magma_bricks":2,"minecraft:deepslate_brick_stairs":3,"minecraft:smooth_sandstone_stairs":3,"minecraft:tripwire":1,"minecraft:sandstone_slab":2,"minecraft:cut_sandstone":62,"atmospheric:flowering_morado_leaves":1,"minecraft:deepslate_tile_slab":3,"undead_unleashed:ancient_dirt":1,"minecraft:torch":1,"minecraft:blast_furnace":2,"minecraft:polished_andesite_stairs":2,"minecraft:dead_bush":1,"minecraft:nether_brick_slab":2,"minecraft:bricks":7,"byg:magmatic_stone":2,"iter_rpg:grimstone_bricks":23,"iter_rpg:polished_grimstone_stairs":8,"minecraft:amethyst_block":65,"apotheosis:gem_cutting_table":1,"minecraft:repeater":7,"byg:soapstone":71,"forbidden_arcanus:darkstone":5,"celestisynth:lunar_stone":86,"minecraft:potted_poppy":1,"minecraft:stone_brick_stairs":39,"minecraft:grass":18,"transmog:transmogrification_table":1,"minecraft:loom":1,"byg:warped_soul_sand":13,"minecraft:sandstone_wall":2,"atmospheric:rosewood_log":15,"twigs:rhyolite":34,"minecraft:deepslate":541,"minecraft:yellow_terracotta":85,"minecraft:deepslate_tiles":1,"minecraft:light_blue_wool":2,"minecraft:mossy_cobblestone":96,"stalwart_dungeons:soul_bricks":49,"minecraft:nether_brick_wall":1,"minecraft:sea_lantern":55,"iter_rpg:cracked_hivestone":5,"minecraft:nether_bricks":275,"minecraft:dark_oak_fence":1,"minecraft:jungle_planks":3,"minecraft:redstone_wire":5,"forbidden_arcanus:deepslate_arcane_crystal_ore":5,"minecraft:packed_mud":1,"iter_rpg:spider_silk_block":4,"iter_rpg:chiseled_grimstone_bricks":1,"minecraft:green_terracotta":48,"minecraft:andesite":21,"minecraft:diamond_block":3,"iter_rpg:polished_grimstone":15,"minecraft:mossy_stone_brick_stairs":29,"iter_rpg:geodite":1,"minecraft:vine":72,"bosses_of_mass_destruction:gauntlet_blackstone":1,"irons_spellbooks:inscription_table":1,"minecraft:oak_slab":4,"minecraft:gray_concrete":1,"undead_unleashed:shaded_bricks":1,"minecraft:chiseled_nether_bricks":4,"minecraft:soul_sand":25,"minecraft:stone_brick_slab":1,"galosphere:deepslate_silver_ore":1,"minecraft:polished_blackstone_brick_wall":22,"minecraft:smooth_sandstone":10,"undead_unleashed:mossy_shaded_bricks":2,"iter_rpg:cut_hivestone":3,"minecraft:copper_ore":10,"minecraft:cracked_deepslate_bricks":4,"minecraft:diorite":11,"stalwart_dungeons:tungsten_ore":24,"minecraft:coarse_dirt":3,"iter_rpg:hivestone_stairs":5,"minecraft:birch_leaves":1,"ars_nouveau:mage_block":4,"minecraft:gravel":97,"minecraft:dripstone_block":5,"minecraft:cobweb":33,"minecraft:polished_blackstone":42,"minecraft:stone_bricks":197,"minecraft:chipped_anvil":1,"minecraft:fern":1,"iter_rpg:grimstone":17,"minecraft:spruce_planks":1,"minecraft:mossy_stone_brick_slab":1,"minecraft:cobblestone_stairs":2,"iter_rpg:weaved_hivestone":1,"minecraft:sculk_vein":42,"iter_rpg:crumbling_hivestone":2,"irons_spellbooks:arcane_anvil":1,"minecraft:budding_amethyst":5,"minecraft:grass_block":24,"iter_rpg:ametrine_block":1,"minecraft:cracked_polished_blackstone_bricks":61,"twigs:twig":1,"minecraft:soul_soil":4,"minecraft:polished_blackstone_brick_slab":43,"minecraft:sandstone_stairs":1,"minecraft:gilded_blackstone":45,"minecraft:smooth_stone":1,"minecraft:mossy_cobblestone_slab":1,"minecraft:glowstone":140,"minecraft:sculk_catalyst":6,"minecraft:red_nether_brick_stairs":5,"minecraft:iron_ore":1,"minecraft:black_carpet":1,"minecraft:anvil":1,"twigs:silt":1,"minecraft:pointed_dripstone":5,"minecraft:iron_bars":113,"iter_rpg:polished_grimstone_wall":2,"byg:mycelium_netherrack":1,"minecraft:deepslate_redstone_ore":13,"minecraft:quartz_block":44,"lootr:lootr_chest":4,"minecraft:cyan_terracotta":13,"minecraft:blackstone":358,"stalwart_dungeons:soul_tiles":3,"minecraft:calcite":2,"minecraft:poppy":3,"minecraft:chest":1,"minecraft:nether_quartz_ore":216,"minecraft:cobblestone":110,"minecraft:oak_planks":21,"minecraft:deepslate_copper_ore":9,"minecraft:warped_nylium":1,"minecraft:blue_terracotta":3,"minecraft:nether_wart_block":8,"bygonenether:cobbled_blackstone":2,"minecraft:birch_log":27,"byg:quartz_crystal":1,"minecraft:blue_ice":82,"minecraft:tnt":21,"celestisynth:solar_crystal":32,"minecraft:smooth_stone_slab":1,"minecraft:cracked_deepslate_tiles":1,"minecraft:oak_log":9,"minecraft:lime_terracotta":40,"minecraft:sand":288,"minecraft:dirt":41,"minecraft:ancient_debris":14,"minecraft:netherrack":6473,"minecraft:oak_leaves":10,"undead_unleashed:charstone":25,"minecraft:nether_gold_ore":26,"minecraft:crying_obsidian":4,"minecraft:tuff":101,"undead_unleashed:chiseled_shaded_bricks":1,"minecraft:deepslate_diamond_ore":14,"minecraft:candle":4,"minecraft:oak_door":1,"minecraft:ladder":1,"minecraft:polished_andesite_slab":2,"iter_rpg:big_vase":1,"minecraft:cracked_nether_bricks":18,"minecraft:sandstone":108,"minecraft:rooted_dirt":2,"minecraft:hay_block":10,"minecraft:oak_trapdoor":1,"iter_rpg:small_vase":2,"minecraft:polished_basalt":2,"minecraft:nether_sprouts":1,"minecraft:chiseled_sandstone":7,"minecraft:black_concrete":1,"minecraft:chiseled_deepslate":1,"minecraft:gold_block":51,"minecraft:nether_brick_fence":6,"minecraft:bookshelf":89,"minecraft:stripped_oak_log":15,"minecraft:packed_ice":3,"undead_unleashed:cracked_shaded_bricks":1,"minecraft:stone":471,"supplementaries:book_pile_horizontal":1,"minecraft:acacia_leaves":4,"iter_rpg:grimstone_bricks_stairs":2,"minecraft:infested_stone_bricks":1,"minecraft:basalt":1,"minecraft:polished_granite":5,"minecraft:oak_fence":11,"minecraft:crafting_table":1,"minecraft:sculk_sensor":19,"byg:warped_soul_soil":1,"minecraft:deepslate_coal_ore":2,"minecraft:lapis_ore":13,"iter_rpg:hivestone":14,"minecraft:polished_blackstone_brick_stairs":51,"minecraft:sculk":330,"minecraft:gray_wool":5,"minecraft:birch_planks":1,"iter_rpg:magmanum_block":2,"minecraft:polished_blackstone_slab":1,"minecraft:polished_blackstone_stairs":2,"iter_rpg:silky_hivestone":2,"byg:raw_quartz_block":63,"iter_rpg:spider_egg":31,"minecraft:cracked_stone_bricks":109,"minecraft:polished_andesite":8,"minecraft:mossy_stone_bricks":119,"forbidden_arcanus:runic_deepslate":4},"minecraft:broken":{"minecraft:diamond_helmet":6,"minecraft:iron_chestplate":1,"minecraft:iron_leggings":1,"minecraft:leather_helmet":1,"minecraft:diamond_leggings":6,"minecraft:chainmail_helmet":2,"alexsmobs:emu_leggings":1,"minecraft:iron_helmet":3,"minecraft:leather_leggings":1,"cisco_mod:brightsteel_multi_tool":1,"minecraft:diamond_boots":2,"minecraft:chainmail_chestplate":1,"minecraft:diamond_chestplate":6,"majruszsdifficulty:tattered_chestplate":1},"minecraft:dropped":{"sophisticatedbackpacks:upgrade_base":4,"ringsofascension:ring_slow_resistance":1,"minecraft:diamond":16,"relics:infinity_ham":2,"enigmaticlegacy:unholy_grail":1,"minecraft:mossy_stone_brick_stairs":14,"minecraft:cracked_stone_bricks":1,"undead_unleashed:grave_metal_scrap":35,"minecraft:cut_sandstone_slab":2,"minecraft:leather_helmet":4,"minecraft:emerald":1,"twigs:pebble":10,"minecraft:dirt":45,"minecraft:dark_oak_fence":1,"apotheosis:sigil_of_socketing":1,"minecraft:chain":1,"minecraft:gold_nugget":70,"minecraft:polished_blackstone_slab":1,"quark:ancient_tome":7,"minecraft:bone":18,"enigmaticlegacy:eye_of_nebula":1,"apotheosis:mythic_material":1,"minecraft:ancient_debris":3,"minecraft:iron_nugget":8,"minecraft:polished_andesite_slab":2,"minecraft:cobbled_deepslate":139,"minecraft:birch_sapling":1,"immersive_armors:wooden_boots":1,"minecraft:obsidian":192,"minecraft:rotten_flesh":64,"mcsa:prismarine_soldier_chestplate":1,"minecraft:blaze_powder":3,"minecraft:nether_brick_fence":3,"enigmaticlegacy:earth_heart":1,"cisco_mod:brightsteel_ingot":1,"supplementaries:flax_seeds":3,"minecraft:tipped_arrow":1,"apotheosis:gem":125,"minecraft:leather_boots":1,"minecraft:leather_leggings":2,"iter_rpg:spider_silk":3,"minecraft:red_nether_bricks":2,"minecraft:ghast_tear":1,"minecraft:stone_brick_stairs":9,"majruszsaccessories:lucky_rock":1,"minecraft:infested_cobblestone":29,"minecraft:enchanted_book":12,"minecraft:wheat_seeds":2,"minecraft:dripstone_block":1,"ironchest:gold_chest":7,"minecraft:yellow_terracotta":22,"minecraft:iron_helmet":1,"minecraft:cobblestone":25,"enigmaticlegacy:golem_heart":2,"relics:midnight_robe":1,"minecraft:apple":2,"minecraft:coal":16,"minecraft:coal_block":17,"minecraft:golden_apple":2,"minecraft:polished_andesite":1,"bygonenether:cobbled_blackstone":4,"minecraft:lava_bucket":1,"minecraft:cobweb":19,"stalwart_dungeons:soul_bricks":1,"minecraft:diamond_helmet":1,"minecraft:potion":1,"delightful:acorn":1,"minecraft:oak_stairs":4,"minecraft:white_banner":1,"minecraft:mossy_cobblestone_stairs":4,"minecraft:chainmail_leggings":3,"minecraft:string":23,"ars_nouveau:caster_tome":1,"enigmaticlegacy:withered_tome":10,"twilightforest:fiery_pickaxe":1,"sophisticatedbackpacks:feeding_upgrade":1,"irons_spellbooks:copper_spell_book":1,"minecraft:green_terracotta":8,"minecraft:stone_sword":3,"ars_nouveau:amethyst_golem_charm":1,"forbidden_arcanus:ender_pearl_fragment":2,"minecraft:diamond_hoe":1,"minecraft:experience_bottle":1,"minecraft:chicken":1,"sophisticatedbackpacks:backpack":1,"undead_unleashed:grave_metal_sword":1,"minecraft:nether_bricks":58,"forbidden_arcanus:bat_wing":1,"minecraft:polished_deepslate_stairs":3,"supplementaries:cage":1,"minecraft:diamond_sword":1,"minecraft:diamond_pickaxe":1,"iter_rpg:silky_hivestone":7,"minecraft:redstone_torch":4,"minecraft:stone_bricks":35,"irons_spellbooks:necronomicon_spell_book":1,"minecraft:spider_eye":19,"minecraft:bow":1,"ars_elemental:fire_caster_tome":2,"minecraft:magma_block":11,"minecraft:nether_brick_stairs":7,"apotheosis:gem_dust":3,"iter_rpg:hivestone":2,"minecraft:soul_sand":3,"minecraft:brown_mushroom":1,"minecraft:oak_log":1,"minecraft:ender_pearl":2,"iter_rpg:cracked_grimstone_bricks":7,"minecraft:lime_terracotta":13,"majruszsdifficulty:tattered_helmet":1,"minecraft:leather":32,"minecraft:polished_blackstone_brick_wall":4,"minecraft:cobblestone_stairs":2,"minecraft:flint":4,"minecraft:cyan_terracotta":5,"minecraft:cracked_polished_blackstone_bricks":2,"minecraft:netherite_scrap":14,"immersive_armors:wooden_leggings":1,"minecraft:pumpkin_pie":99,"minecraft:amethyst_shard":49,"minecraft:polished_blackstone_bricks":9,"twigs:twig":2,"minecraft:gold_ingot":112,"minecraft:gravel":18,"alexsmobs:rocky_chestplate":1,"enigmaticlegacy:tattered_tome":36,"minecraft:mossy_stone_brick_slab":1,"iter_rpg:spawner_fragment":10,"relics:space_dissector":1,"iter_rpg:cracked_hivestone":4,"minecraft:carrot":1,"minecraft:chainmail_chestplate":1,"minecraft:leather_chestplate":1,"supplementaries:ash":6,"minecraft:gunpowder":14,"minecraft:chest":1,"iter_rpg:weaved_hivestone":8,"minecraft:iron_bars":24,"minecraft:arrow":47,"alexsmobs:banana":1,"minecraft:cracked_nether_bricks":2,"minecraft:scaffolding":4,"minecraft:quartz":1,"minecraft:polished_granite":1,"minecraft:netherrack":277,"minecraft:magenta_carpet":1,"irons_spellbooks:legendary_ink":1,"minecraft:mossy_cobblestone":8,"enigmaticlegacy:void_stone":1,"minecraft:diamond_leggings":2,"minecraft:lead":2,"enigmaticlegacy:corrupted_tome":8,"minecraft:acacia_log":6,"minecraft:stick":5,"relics:bastion_ring":1,"irons_spellbooks:scroll":5,"minecraft:diorite":6,"minecraft:torch":5,"ringsofascension:ring_strength":1,"byg:soapstone":16,"cisco_mod:slumbering_equillibrium":1,"forbidden_arcanus:spawner_scrap":14,"minecraft:iron_leggings":1,"minecraft:wither_rose":1,"minecraft:polished_basalt":3,"sophisticatedbackpacks:crafting_upgrade":1,"irons_spellbooks:frozen_bone":1,"minecraft:redstone":5,"simplyswords:toxic_longsword":2,"nethersdelight:hoglin_sirloin":5,"iter_rpg:grimstone":9,"minecraft:coarse_dirt":3,"minecraft:raw_copper":6,"majruszsaccessories:tool_scraps":1,"minecraft:tuff":5,"minecraft:ender_eye":1,"enigmaticlegacy:iron_ring":1,"minecraft:red_nether_brick_stairs":4,"minecraft:shield":2,"minecraft:diamond_chestplate":1,"minecraft:iron_chestplate":1,"minecraft:andesite":7,"apotheosis:rare_material":12,"minecraft:mossy_stone_bricks":19,"enigmaticlegacy:monster_charm":1,"minecraft:oak_sapling":2,"minecraft:golden_sword":1,"minecraft:raw_gold":4,"byg:magmatic_stone":2,"immersive_armors:wooden_helmet":1},"minecraft:used":{"irons_spellbooks:inscription_table":2,"minecraft:chest":2,"constructionwand:iron_wand":10,"minecraft:soul_sand":4,"majruszsdifficulty:golden_bandage":10,"ars_nouveau:amethyst_golem_charm":5,"minecraft:lava_bucket":16,"supplementaries:bomb_blue":2,"minecraft:bow":218,"cisco_mod:brightsteel_multi_tool":2793,"minecraft:mossy_stone_bricks":9,"minecraft:golden_apple":120,"globalxp:xp_block":1,"minecraft:smithing_table":1,"simplyswords:toxic_longsword":4084,"minecraft:iron_bars":12,"minecraft:enchanting_table":1,"waystones:sandy_waystone":1,"minecraft:stone_sword":1088,"minecraft:netherrack":46,"minecraft:anvil":4,"simplyswords:storms_edge":4,"minecraft:iron_axe":92,"enigmaticlegacy:unholy_grail":3,"apotheosis:gem_cutting_table":2,"minecraft:diamond_chestplate":2,"minecraft:basalt":1,"minecraft:cobbled_deepslate":9,"minecraft:water_bucket":15,"minecraft:birch_planks":45,"minecraft:polished_blackstone_bricks":65,"minecraft:mossy_cobblestone":1,"minecraft:diamond_block":3,"supplementaries:bomb":3,"minecraft:crafting_table":4,"minecraft:white_bed":1,"minecraft:oak_log":1,"minecraft:diamond_pickaxe":9032,"majruszsdifficulty:undead_army_treasure_bag":1,"minecraft:diamond_shovel":287,"minecraft:cobblestone":176,"minecraft:stripped_oak_log":3,"irons_spellbooks:arcane_anvil":2,"minecraft:polished_deepslate":3,"minecraft:iron_sword":230,"minecraft:jungle_planks":1,"minecraft:nether_bricks":1,"minecraft:tuff":14,"minecraft:obsidian":16,"minecraft:polished_blackstone_brick_wall":2,"minecraft:iron_helmet":1,"minecraft:stone_bricks":220,"minecraft:red_carpet":1,"minecraft:magma_block":4,"cisco_mod:bright_pickaxe":12,"minecraft:polished_blackstone_stairs":1,"bygonenether:cobbled_blackstone":7,"minecraft:wither_skeleton_skull":3,"relics:researching_table":1,"apotheosis:simple_reforging_table":2,"minecraft:stone_pickaxe":4,"minecraft:oak_planks":77,"minecraft:ender_pearl":24,"minecraft:sandstone":2,"transmog:transmogrification_table":2,"minecraft:diamond_axe":188,"minecraft:loom":1,"ironchest:copper_chest":1,"simplyswords:iron_greathammer":4,"waystones:waystone":1,"minecraft:gravel":4,"apotheosis:reforging_table":1,"minecraft:experience_bottle":10,"minecraft:trident":11,"minecraft:flint_and_steel":1,"minecraft:cracked_deepslate_bricks":2,"woodworks:oak_chest":6,"gateways:gate_pearl":2,"minecraft:dirt":7,"minecraft:diamond_helmet":1,"twilightforest:fiery_pickaxe":5,"minecraft:bookshelf":18,"minecraft:oak_stairs":4,"minecraft:golden_carrot":53,"ironchest:gold_chest":3,"minecraft:enchanted_golden_apple":15,"minecraft:red_nether_bricks":1,"minecraft:cut_sandstone":14,"cisco_mod:darksteel_multitool":1399,"constructionwand:stone_wand":10,"minecraft:book":1,"irons_spellbooks:scroll_forge":1,"minecraft:bucket":32,"minecraft:chainmail_leggings":1},"minecraft:crafted":{"minecraft:smooth_stone":17,"minecraft:glass":28,"minecraft:diamond_helmet":1,"simplyswords:toxic_longsword":2,"minecraft:smithing_table":1,"irons_spellbooks:arcane_anvil":1,"cisco_mod:brightsteel_ingot":48,"minecraft:iron_pickaxe":1,"minecraft:iron_block":21,"minecraft:gold_ingot":9,"sophisticatedbackpacks:netherite_backpack":1,"cisco_mod:brightsteel_leggings":1,"minecraft:diamond":27,"woodworks:birch_chest":6,"ironchest:gold_chest":6,"sophisticatedbackpacks:gold_backpack":1,"minecraft:iron_shovel":1,"minecraft:oak_planks":40,"minecraft:stone":68,"minecraft:oak_slab":6,"minecraft:crafting_table":6,"constructionwand:iron_wand":1,"minecraft:gold_block":21,"minecraft:birch_planks":108,"minecraft:paper":39,"sophisticatedbackpacks:diamond_backpack":2,"minecraft:stick":16,"minecraft:shears":1,"minecraft:diamond_block":3,"minecraft:polished_deepslate":32,"minecraft:iron_axe":1,"cisco_mod:brightsteel_boots":1,"sophisticatedbackpacks:stack_upgrade_tier_2":1,"minecraft:netherite_scrap":0,"atmospheric:rosewood_planks":32,"sophisticatedbackpacks:iron_backpack":1,"minecraft:red_dye":3,"minecraft:iron_sword":1,"cisco_mod:brightsteel_helmet":1,"minecraft:bucket":3,"minecraft:air":0,"woodworks:oak_chest":2,"minecraft:gold_nugget":9,"minecraft:diamond_chestplate":3,"ironchest:iron_chest":6},"minecraft:killed_by":{"alexsmobs:grizzly_bear":1,"majruszsdifficulty:cursed_armor":2,"enemyexpansion:invisicreeper":1,"minecraft:husk":1,"bosses_of_mass_destruction:gauntlet":4,"minecraft:warden":1,"minecraft:wither":1,"minecraft:player":12,"minecraft:iron_golem":5,"irons_spellbooks:dead_king":5,"minecraft:skeleton":2},"minecraft:custom":{"minecraft:interact_with_crafting_table":113,"minecraft:open_barrel":1,"minecraft:leave_game":10,"minecraft:time_since_death":25332,"minecraft:play_time":1277405,"minecraft:deaths":37,"minecraft:jump":6547,"minecraft:enchant_item":1,"minecraft:interact_with_furnace":64,"minecraft:waystone_activated":3,"minecraft:damage_dealt":2424195,"minecraft:inspect_dispenser":2,"minecraft:horse_one_cm":5316,"minecraft:interact_with_smithing_table":17,"minecraft:interact_with_anvil":59,"minecraft:damage_dealt_absorbed":1144,"minecraft:sneak_time":33147,"minecraft:interact_with_lectern":1,"minecraft:total_world_time":1277405,"enigmaticlegacy:play_time_without_seven_curses":1931614,"minecraft:time_since_rest":25395,"minecraft:use_wand":46,"minecraft:swim_one_cm":6201,"minecraft:fly_one_cm":610575,"minecraft:open_chest":91,"minecraft:fall_one_cm":279245,"enigmaticlegacy:play_time_with_seven_curses":0,"lootr:looted_stat":504,"minecraft:damage_resisted":51896,"minecraft:sprint_one_cm":510621,"minecraft:drop":496,"minecraft:play_noteblock":1,"minecraft:talked_to_villager":2,"minecraft:interact_with_brewingstand":1,"minecraft:walk_on_water_one_cm":113624,"minecraft:interact_with_loom":1,"minecraft:player_kills":13,"minecraft:crouch_one_cm":111976,"minecraft:mob_kills":1590,"minecraft:damage_dealt_resisted":16781,"minecraft:climb_one_cm":35326,"minecraft:walk_one_cm":5379990,"minecraft:walk_under_water_one_cm":52025,"minecraft:damage_taken":208457,"minecraft:damage_absorbed":105573},"minecraft:killed":{"minecraft:cave_spider":50,"enemyexpansion:equestrian":1,"minecraft:skeleton":190,"bosses_of_mass_destruction:gauntlet":1,"ars_nouveau:amethyst_golem":3,"iter_rpg:weeper":23,"savage_and_ravage:creepie":7,"minecraft:skeleton_horse":1,"enemyexpansion:vampflyer":2,"minecraft:magma_cube":34,"minecraft:iron_golem":2,"majruszsdifficulty:tank":5,"minecraft:pillager":4,"enemyexpansion:meature":1,"irons_spellbooks:summoned_vex":4,"minecraft:zombie":191,"stalwart_dungeons:incomplete_wither":2,"enemyexpansion:vampire":2,"iter_rpg:mournstone":21,"enemyexpansion:botfly":58,"whisperwoods:moth":3,"iter_rpg:griever":17,"minecraft:evoker":1,"minecraft:vindicator":4,"goblintraders:goblin_trader":2,"iter_rpg:hobgoblin":1,"minecraft:husk":39,"iter_rpg:peeper":3,"enemyexpansion:sprinter":2,"majruszsdifficulty:cursed_armor":193,"whisperwoods:zotzpyre":5,"iter_rpg:goblin_warrior":4,"iter_rpg:giant_spider":1,"minecraft:enderman":1,"iter_rpg:goblin":1,"minecraft:witch":3,"iter_rpg:revenant":5,"minecraft:zombified_piglin":2,"minecraft:spider":25,"savage_and_ravage:griefer":1,"whisperwoods:wisp":1,"minecraft:silverfish":59,"irons_spellbooks:summoned_skeleton":4,"minecraft:piglin_brute":38,"twilightforest:minotaur":1,"minecraft:piglin":24,"irons_spellbooks:dead_king":1,"iter_rpg:spiderling":132,"irons_spellbooks:necromancer":2,"minecraft:creeper":17,"undead_unleashed:shadewraith":5,"minecraft:mooshroom":1,"minecraft:stray":133,"minecraft:ghast":2,"undead_unleashed:haunter":25,"mowziesmobs:umvuthana_raptor":1,"minecraft:blaze":86,"alexsmobs:dropbear":1,"irons_spellbooks:summoned_zombie":10,"enemyexpansion:intruder":2,"enemyexpansion:direwolf":2,"minecraft:phantom":6,"twilightforest:fire_beetle":2,"minecraft:panda":1,"majruszsdifficulty:cerberus":1,"enemyexpansion:goblin":1,"aquamirae:maw":1,"stalwart_dungeons:reinforced_blaze":5,"minecraft:bat":1,"ars_nouveau:animated_block":1,"mowziesmobs:umvuthana_follower_raptor":4,"minecraft:hoglin":12,"enemyexpansion:crawler":2,"sons_of_sins:betrayed_guzzler":1,"enemyexpansion:huntsman":1,"minecraft:wither_skeleton":94}},"DataVersion":3120}