{"stats":{"minecraft:used":{"irons_spellbooks:inscription_table":1,"minecraft:chest":1,"minecraft:iron_sword":230,"constructionwand:iron_wand":10,"minecraft:tuff":14,"minecraft:obsidian":10,"ars_nouveau:amethyst_golem_charm":1,"minecraft:lava_bucket":16,"minecraft:iron_helmet":1,"minecraft:stone_bricks":220,"supplementaries:bomb_blue":2,"minecraft:bow":214,"minecraft:mossy_stone_bricks":9,"apotheosis:simple_reforging_table":1,"minecraft:stone_pickaxe":4,"minecraft:oak_planks":77,"minecraft:ender_pearl":4,"minecraft:sandstone":2,"transmog:transmogrification_table":2,"minecraft:diamond_axe":186,"minecraft:golden_apple":74,"minecraft:loom":1,"ironchest:copper_chest":1,"simplyswords:iron_greathammer":4,"waystones:waystone":1,"globalxp:xp_block":1,"simplyswords:toxic_longsword":2482,"minecraft:trident":11,"minecraft:iron_bars":12,"minecraft:enchanting_table":1,"waystones:sandy_waystone":1,"minecraft:stone_sword":1088,"minecraft:flint_and_steel":1,"woodworks:oak_chest":6,"gateways:gate_pearl":1,"minecraft:dirt":5,"minecraft:anvil":1,"simplyswords:storms_edge":4,"minecraft:diamond_helmet":1,"minecraft:bookshelf":10,"minecraft:iron_axe":92,"minecraft:oak_stairs":4,"enigmaticlegacy:unholy_grail":3,"apotheosis:gem_cutting_table":1,"minecraft:diamond_chestplate":2,"minecraft:golden_carrot":50,"ironchest:gold_chest":3,"minecraft:cobbled_deepslate":9,"minecraft:enchanted_golden_apple":6,"minecraft:water_bucket":15,"minecraft:birch_planks":45,"minecraft:cut_sandstone":14,"minecraft:mossy_cobblestone":1,"minecraft:diamond_block":3,"supplementaries:bomb":3,"minecraft:crafting_table":4,"constructionwand:stone_wand":10,"minecraft:diamond_pickaxe":2749,"minecraft:diamond_shovel":287,"minecraft:cobblestone":138,"minecraft:bucket":32,"minecraft:stripped_oak_log":3,"irons_spellbooks:arcane_anvil":1,"minecraft:chainmail_leggings":1},"minecraft:killed_by":{"alexsmobs:grizzly_bear":1,"majruszsdifficulty:cursed_armor":2,"enemyexpansion:invisicreeper":1,"minecraft:husk":1,"minecraft:player":10,"minecraft:iron_golem":5,"irons_spellbooks:dead_king":2,"minecraft:skeleton":2},"minecraft:mined":{"iter_rpg:grimstone":16,"minecraft:cut_sandstone_slab":8,"minecraft:spruce_planks":1,"minecraft:mossy_stone_brick_slab":1,"iter_rpg:weaved_hivestone":1,"iter_rpg:crumbling_hivestone":2,"minecraft:cobblestone_stairs":2,"minecraft:red_nether_bricks":1,"minecraft:obsidian":24,"minecraft:granite":10,"minecraft:budding_amethyst":5,"minecraft:stone_brick_wall":2,"minecraft:grass_block":10,"iter_rpg:grimstone_bricks_wall":3,"iter_rpg:cracked_grimstone_bricks":11,"iter_rpg:ametrine_block":1,"minecraft:jungle_log":5,"minecraft:oak_pressure_plate":1,"minecraft:coal_block":9,"ironchest:copper_chest":1,"minecraft:sandstone_stairs":1,"minecraft:spawner":76,"iter_rpg:infested_hivestone":1,"minecraft:mossy_cobblestone_slab":1,"minecraft:glowstone":18,"minecraft:mossy_cobblestone_stairs":11,"minecraft:cobbled_deepslate":4,"minecraft:sticky_piston":7,"minecraft:iron_ore":1,"minecraft:fire":6,"ironchest:gold_chest":3,"minecraft:moss_carpet":1,"minecraft:black_carpet":1,"minecraft:anvil":1,"minecraft:nether_brick_stairs":21,"minecraft:pointed_dripstone":2,"minecraft:polished_deepslate_slab":3,"minecraft:dirt_path":2,"minecraft:oak_stairs":50,"minecraft:iron_bars":81,"iter_rpg:polished_grimstone_wall":2,"minecraft:deepslate_brick_stairs":2,"minecraft:smooth_sandstone_stairs":3,"minecraft:sandstone_slab":2,"minecraft:cut_sandstone":62,"minecraft:quartz_block":27,"lootr:lootr_chest":3,"atmospheric:flowering_morado_leaves":1,"minecraft:torch":1,"minecraft:blast_furnace":2,"minecraft:calcite":2,"minecraft:chest":1,"minecraft:dead_bush":1,"minecraft:cobblestone":91,"minecraft:oak_planks":19,"minecraft:bricks":7,"iter_rpg:polished_grimstone_stairs":7,"iter_rpg:grimstone_bricks":20,"minecraft:amethyst_block":65,"minecraft:deepslate_copper_ore":8,"minecraft:repeater":7,"byg:soapstone":38,"minecraft:blue_terracotta":3,"forbidden_arcanus:darkstone":2,"minecraft:nether_wart_block":1,"minecraft:birch_log":27,"minecraft:blue_ice":69,"minecraft:tnt":21,"minecraft:potted_poppy":1,"minecraft:stone_brick_stairs":32,"minecraft:grass":9,"minecraft:oak_log":2,"transmog:transmogrification_table":1,"minecraft:loom":1,"minecraft:sand":288,"minecraft:dirt":7,"minecraft:sandstone_wall":2,"atmospheric:rosewood_log":15,"twigs:rhyolite":18,"minecraft:netherrack":415,"minecraft:oak_leaves":8,"minecraft:deepslate":270,"minecraft:yellow_terracotta":8,"minecraft:tuff":88,"minecraft:mossy_cobblestone":59,"minecraft:candle":2,"minecraft:oak_door":1,"iter_rpg:cracked_hivestone":5,"minecraft:nether_bricks":51,"minecraft:ladder":1,"minecraft:dark_oak_fence":1,"minecraft:jungle_planks":1,"minecraft:redstone_wire":5,"minecraft:polished_andesite_slab":2,"iter_rpg:big_vase":1,"minecraft:rooted_dirt":2,"minecraft:sandstone":108,"minecraft:hay_block":10,"minecraft:oak_trapdoor":1,"minecraft:packed_mud":1,"iter_rpg:spider_silk_block":4,"iter_rpg:small_vase":1,"minecraft:nether_sprouts":1,"minecraft:chiseled_sandstone":7,"iter_rpg:chiseled_grimstone_bricks":1,"minecraft:andesite":18,"minecraft:diamond_block":3,"minecraft:black_concrete":1,"iter_rpg:polished_grimstone":13,"minecraft:mossy_stone_brick_stairs":22,"minecraft:bookshelf":6,"minecraft:vine":41,"minecraft:stripped_oak_log":15,"minecraft:packed_ice":3,"minecraft:stone":307,"minecraft:oak_slab":4,"minecraft:soul_sand":2,"iter_rpg:grimstone_bricks_stairs":2,"minecraft:infested_stone_bricks":1,"minecraft:stone_brick_slab":1,"minecraft:polished_granite":5,"minecraft:oak_fence":11,"minecraft:smooth_sandstone":10,"minecraft:crafting_table":1,"minecraft:sculk_sensor":1,"iter_rpg:cut_hivestone":3,"minecraft:copper_ore":4,"minecraft:deepslate_coal_ore":2,"iter_rpg:hivestone":14,"minecraft:diorite":10,"minecraft:birch_planks":1,"iter_rpg:magmanum_block":2,"minecraft:coarse_dirt":3,"minecraft:polished_blackstone_stairs":1,"iter_rpg:hivestone_stairs":5,"iter_rpg:silky_hivestone":2,"minecraft:birch_leaves":1,"iter_rpg:spider_egg":31,"minecraft:gravel":6,"minecraft:dripstone_block":1,"minecraft:cobweb":28,"minecraft:cracked_stone_bricks":87,"minecraft:stone_bricks":173,"minecraft:polished_blackstone":2,"minecraft:polished_andesite":6,"minecraft:mossy_stone_bricks":80,"forbidden_arcanus:runic_deepslate":2,"minecraft:fern":1},"minecraft:crafted":{"minecraft:smooth_stone":2,"minecraft:oak_planks":36,"minecraft:stone":4,"minecraft:glass":28,"minecraft:diamond_helmet":1,"minecraft:crafting_table":3,"constructionwand:iron_wand":1,"minecraft:birch_planks":108,"irons_spellbooks:arcane_anvil":1,"sophisticatedbackpacks:diamond_backpack":2,"minecraft:gold_ingot":9,"minecraft:shears":1,"minecraft:diamond_block":3,"minecraft:diamond":27,"minecraft:polished_deepslate":4,"atmospheric:rosewood_planks":32,"sophisticatedbackpacks:iron_backpack":1,"woodworks:birch_chest":5,"ironchest:gold_chest":6,"sophisticatedbackpacks:gold_backpack":1,"minecraft:bucket":3,"minecraft:air":0,"minecraft:diamond_chestplate":1,"ironchest:iron_chest":6},"minecraft:broken":{"minecraft:diamond_helmet":1,"minecraft:leather_leggings":1,"minecraft:iron_chestplate":1,"minecraft:iron_leggings":1,"minecraft:chainmail_chestplate":1,"minecraft:leather_helmet":1,"minecraft:diamond_chestplate":1,"minecraft:diamond_leggings":4,"minecraft:chainmail_helmet":1,"alexsmobs:emu_leggings":1,"minecraft:iron_helmet":1},"minecraft:dropped":{"iter_rpg:hivestone":2,"minecraft:soul_sand":3,"minecraft:oak_log":1,"iter_rpg:cracked_grimstone_bricks":2,"relics:infinity_ham":1,"majruszsdifficulty:tattered_helmet":1,"minecraft:leather":32,"enigmaticlegacy:unholy_grail":1,"minecraft:mossy_stone_brick_stairs":14,"minecraft:cracked_stone_bricks":1,"undead_unleashed:grave_metal_scrap":13,"minecraft:cut_sandstone_slab":2,"minecraft:leather_helmet":2,"minecraft:dirt":2,"minecraft:netherite_scrap":14,"minecraft:dark_oak_fence":1,"immersive_armors:wooden_leggings":1,"minecraft:gold_nugget":19,"minecraft:chain":1,"minecraft:pumpkin_pie":99,"minecraft:amethyst_shard":34,"minecraft:gold_ingot":112,"minecraft:bone":7,"minecraft:gravel":1,"enigmaticlegacy:eye_of_nebula":1,"minecraft:ancient_debris":3,"minecraft:iron_nugget":8,"minecraft:polished_andesite_slab":2,"minecraft:cobbled_deepslate":139,"minecraft:birch_sapling":1,"immersive_armors:wooden_boots":1,"enigmaticlegacy:tattered_tome":7,"minecraft:rotten_flesh":62,"mcsa:prismarine_soldier_chestplate":1,"minecraft:mossy_stone_brick_slab":1,"iter_rpg:spawner_fragment":2,"iter_rpg:cracked_hivestone":4,"minecraft:carrot":1,"minecraft:chainmail_chestplate":1,"cisco_mod:brightsteel_ingot":1,"supplementaries:ash":6,"supplementaries:flax_seeds":3,"minecraft:gunpowder":8,"apotheosis:gem":6,"minecraft:leather_boots":1,"minecraft:chest":1,"minecraft:leather_leggings":2,"iter_rpg:weaved_hivestone":8,"iter_rpg:spider_silk":3,"minecraft:red_nether_bricks":1,"minecraft:iron_bars":10,"alexsmobs:banana":1,"minecraft:scaffolding":4,"minecraft:stone_brick_stairs":9,"minecraft:polished_granite":1,"minecraft:netherrack":70,"minecraft:enchanted_book":1,"minecraft:magenta_carpet":1,"minecraft:wheat_seeds":2,"minecraft:mossy_cobblestone":8,"minecraft:dripstone_block":1,"minecraft:diamond_leggings":2,"ironchest:gold_chest":7,"minecraft:iron_helmet":1,"minecraft:cobblestone":25,"enigmaticlegacy:golem_heart":2,"relics:midnight_robe":1,"minecraft:apple":2,"minecraft:coal":2,"minecraft:coal_block":17,"minecraft:stick":5,"minecraft:polished_andesite":1,"relics:bastion_ring":1,"minecraft:lava_bucket":1,"irons_spellbooks:scroll":4,"minecraft:diorite":6,"minecraft:torch":5,"ringsofascension:ring_strength":1,"byg:soapstone":16,"cisco_mod:slumbering_equillibrium":1,"forbidden_arcanus:spawner_scrap":13,"minecraft:diamond_helmet":1,"minecraft:potion":1,"minecraft:oak_stairs":4,"minecraft:white_banner":1,"minecraft:polished_basalt":3,"minecraft:mossy_cobblestone_stairs":4,"minecraft:chainmail_leggings":1,"minecraft:string":18,"irons_spellbooks:frozen_bone":1,"minecraft:redstone":1,"simplyswords:toxic_longsword":2,"iter_rpg:grimstone":9,"minecraft:stone_sword":2,"minecraft:coarse_dirt":3,"minecraft:raw_copper":6,"forbidden_arcanus:ender_pearl_fragment":2,"majruszsaccessories:tool_scraps":1,"minecraft:tuff":5,"minecraft:experience_bottle":1,"minecraft:chicken":1,"sophisticatedbackpacks:backpack":1,"undead_unleashed:grave_metal_sword":1,"minecraft:nether_bricks":45,"minecraft:polished_deepslate_stairs":3,"supplementaries:cage":1,"minecraft:diamond_sword":1,"minecraft:shield":2,"minecraft:diamond_pickaxe":1,"minecraft:iron_chestplate":1,"minecraft:andesite":7,"minecraft:mossy_stone_bricks":19,"minecraft:oak_sapling":2,"iter_rpg:silky_hivestone":7,"minecraft:golden_sword":1,"minecraft:redstone_torch":4,"minecraft:stone_bricks":32,"minecraft:spider_eye":19,"minecraft:bow":1,"ars_elemental:fire_caster_tome":2,"minecraft:raw_gold":4,"immersive_armors:wooden_helmet":1,"minecraft:nether_brick_stairs":1,"apotheosis:gem_dust":3},"minecraft:picked_up":{"irons_spellbooks:scroll":2,"ars_nouveau:caster_tome":2,"minecraft:iron_chestplate":2,"minecraft:redstone_block":1,"minecraft:chainmail_boots":1,"minecraft:anvil":1,"enigmaticlegacy:corrupted_tome":2,"minecraft:magenta_carpet":1,"minecraft:diamond_sword":1,"minecraft:oak_stairs":37,"minecraft:enchanted_book":4,"minecraft:potion":1,"minecraft:golden_shovel":1,"minecraft:stone_brick_stairs":8,"minecraft:golden_sword":1,"minecraft:amethyst_block":47,"minecraft:string":73,"apotheosis:epic_material":3,"minecraft:raw_copper":6,"minecraft:sticky_piston":2,"minecraft:experience_bottle":1,"minecraft:gold_nugget":38,"minecraft:diamond_leggings":2,"alexsmobs:banana":1,"minecraft:cobbled_deepslate":210,"bosses_of_mass_destruction:soul_star":2,"minecraft:spruce_planks":1,"undead_unleashed:grave_metal_sword":2,"whisperwoods:ghost_light_electric_blue":1,"minecraft:coal_block":24,"minecraft:iron_boots":1,"farmersdelight:cabbage_seeds":16,"vinery:jungle_grape_seeds_white":2,"minecraft:tipped_arrow":2,"minecraft:stick":8,"apotheosis:gem":20,"apotheosis:rare_material":30,"minecraft:oak_fence":12,"minecraft:polished_deepslate_stairs":6,"minecraft:torch":5,"minecraft:sandstone_wall":1,"ironchest:gold_chest":1,"minecraft:pointed_dripstone":1,"minecraft:diorite":6,"gateways:gate_pearl":1,"minecraft:green_terracotta":7,"quark:ancient_tome":2,"minecraft:stone_sword":6,"minecraft:rotten_flesh":165,"minecraft:bookshelf":5,"supplementaries:ash":11,"minecraft:deepslate_brick_stairs":2,"minecraft:obsidian":18,"minecraft:iron_bars":28,"minecraft:cobblestone":294,"minecraft:birch_log":27,"minecraft:enchanting_table":3,"majruszsaccessories:tool_scraps":2,"minecraft:leather_chestplate":4,"minecraft:cooked_beef":1,"minecraft:repeater":1,"minecraft:andesite":45,"minecraft:jungle_log":5,"minecraft:golden_leggings":2,"enigmaticlegacy:golem_heart":2,"majruszsaccessories:certificate_of_taming":2,"minecraft:tuff":80,"minecraft:smooth_sandstone_stairs":2,"supplementaries:flax_seeds":6,"minecraft:wither_skeleton_skull":3,"minecraft:dirt":46,"minecraft:cut_sandstone_slab":6,"minecraft:lantern":3,"minecraft:polished_granite":1,"minecraft:leather_boots":3,"minecraft:bone":151,"minecraft:glass":64,"irons_spellbooks:iron_spell_book":2,"farmersdelight:iron_knife":1,"minecraft:bow":6,"minecraft:wheat_seeds":2,"minecraft:raw_gold":4,"forbidden_arcanus:rune":2,"majruszsaccessories:dice":1,"minecraft:glowstone_dust":54,"minecraft:mossy_stone_bricks":23,"minecraft:diamond_helmet":4,"twigs:twig":1,"minecraft:oak_planks":27,"minecraft:mossy_stone_brick_stairs":6,"iter_rpg:silky_hivestone":7,"iter_rpg:grimstone":41,"irons_spellbooks:frozen_bone":106,"simplyswords:toxic_longsword":2,"iter_rpg:cracked_hivestone":4,"iter_rpg:spider_silk":3,"iter_rpg:magmanum_block":2,"minecraft:oak_pressure_plate":11,"minecraft:sand":1,"undead_unleashed:grave_metal_leggings":1,"minecraft:nether_brick_stairs":3,"minecraft:loom":1,"minecraft:chiseled_sandstone":5,"minecraft:mossy_cobblestone":23,"forbidden_arcanus:ender_pearl_fragment":3,"minecraft:polished_andesite":5,"minecraft:blue_terracotta":3,"minecraft:black_concrete":1,"minecraft:granite":6,"minecraft:golden_apple":22,"minecraft:emerald":5,"minecraft:chainmail_helmet":3,"minecraft:rooted_dirt":1,"iter_rpg:ametrine_block":1,"minecraft:oak_sapling":2,"twigs:rhyolite":47,"minecraft:netherrack":15,"cisco_mod:brightsteel_ingot":3,"minecraft:diamond_pickaxe":2,"iter_rpg:spawner_fragment":14,"minecraft:coarse_dirt":3,"byg:soapstone":4,"minecraft:sandstone_slab":1,"minecraft:chicken":2,"minecraft:leather_leggings":5,"minecraft:brown_mushroom":64,"transmog:transmogrification_table":1,"minecraft:wooden_pickaxe":1,"enigmaticlegacy:tattered_tome":5,"minecraft:chain":1,"minecraft:shield":4,"minecraft:stripped_mangrove_log":1,"minecraft:oak_trapdoor":1,"minecraft:iron_axe":1,"minecraft:netherite_scrap":15,"minecraft:cracked_stone_bricks":25,"minecraft:candle":6,"iter_rpg:coin":1,"byg:pink_allium_flower_bush":1,"minecraft:beef":2,"irons_spellbooks:epic_ink":1,"minecraft:iron_nugget":29,"minecraft:chest":4,"minecraft:birch_sapling":1,"minecraft:sandstone":73,"minecraft:oak_door":1,"iter_rpg:cracked_grimstone_bricks":5,"sophisticatedbackpacks:backpack":1,"enigmaticlegacy:extradimensional_eye":1,"minecraft:carrot":11,"minecraft:redstone":1,"atmospheric:rosewood_log":14,"twilightforest:raw_meef":2,"enigmaticlegacy:unholy_grail":1,"irons_spellbooks:evocation_rune":1,"minecraft:tnt":19,"minecraft:arrow":3,"minecraft:diamond_chestplate":1,"ars_elemental:fire_caster_tome":1,"minecraft:pumpkin_pie":12,"minecraft:nether_bricks":33,"minecraft:diamond_boots":4,"minecraft:hay_block":5,"minecraft:totem_of_undying":1,"minecraft:yellow_terracotta":8,"minecraft:gold_ingot":19,"minecraft:mutton":14,"cisco_mod:champion_coin":4,"forbidden_arcanus:spawner_scrap":27,"apotheosis:sigil_of_socketing":2,"minecraft:stripped_oak_log":12,"minecraft:air":204,"minecraft:leather":1,"minecraft:cut_sandstone":44,"cisco_mod:slumbering_equillibrium":1,"majruszsdifficulty:tattered_helmet":1,"savage_and_ravage:creeper_spores":1,"minecraft:chainmail_chestplate":3,"minecraft:golden_boots":1,"minecraft:nether_wart_block":2,"minecraft:gunpowder":11,"relics:midnight_robe":1,"minecraft:white_banner":2,"unusualend:wandering_pearl":1,"minecraft:smooth_sandstone":10,"minecraft:red_carpet":1,"minecraft:apple":4,"minecraft:stone_bricks":30,"minecraft:iron_ingot":22,"minecraft:polished_andesite_slab":2,"apotheosis:gem_dust":13,"minecraft:iron_sword":1,"forbidden_arcanus:darkstone":2,"minecraft:soul_sand":3,"iter_rpg:chiseled_grimstone_bricks":7,"minecraft:book":15,"minecraft:scaffolding":8,"minecraft:chiseled_stone_bricks":1,"minecraft:lava_bucket":1,"minecraft:gravel":16,"minecraft:amethyst_shard":36,"undead_unleashed:grave_metal_scrap":55,"iter_rpg:hivestone":2,"minecraft:crying_obsidian":5,"minecraft:spruce_door":1,"minecraft:mossy_stone_brick_slab":1,"minecraft:spider_eye":33,"minecraft:leather_helmet":5,"minecraft:diamond_shovel":1,"minecraft:chainmail_leggings":2,"iter_rpg:weaved_hivestone":8,"minecraft:iron_helmet":2,"minecraft:diamond_axe":2,"enigmaticlegacy:eye_of_nebula":1,"minecraft:mossy_cobblestone_stairs":3,"undead_unleashed:grave_metal_axe":1,"minecraft:coal":8,"minecraft:ender_pearl":1},"minecraft:custom":{"enigmaticlegacy:play_time_with_seven_curses":0,"lootr:looted_stat":289,"minecraft:interact_with_crafting_table":80,"minecraft:open_barrel":1,"minecraft:leave_game":6,"minecraft:time_since_death":89364,"minecraft:damage_resisted":1728,"minecraft:sprint_one_cm":293824,"minecraft:drop":238,"minecraft:play_noteblock":1,"minecraft:talked_to_villager":1,"minecraft:play_time":651011,"minecraft:deaths":25,"minecraft:jump":2937,"minecraft:walk_on_water_one_cm":69225,"minecraft:interact_with_furnace":15,"minecraft:interact_with_loom":1,"minecraft:waystone_activated":3,"minecraft:damage_dealt":718935,"minecraft:player_kills":11,"minecraft:crouch_one_cm":54677,"minecraft:inspect_dispenser":2,"minecraft:horse_one_cm":4826,"minecraft:interact_with_anvil":23,"minecraft:mob_kills":752,"minecraft:damage_dealt_resisted":5215,"minecraft:climb_one_cm":24647,"minecraft:walk_one_cm":2647371,"minecraft:damage_dealt_absorbed":570,"minecraft:sneak_time":18981,"minecraft:walk_under_water_one_cm":18507,"minecraft:interact_with_lectern":1,"minecraft:total_world_time":651011,"enigmaticlegacy:play_time_without_seven_curses":1310335,"minecraft:time_since_rest":89390,"minecraft:damage_taken":38500,"minecraft:damage_absorbed":52248,"minecraft:use_wand":46,"minecraft:swim_one_cm":1566,"minecraft:fly_one_cm":368047,"minecraft:open_chest":15,"minecraft:fall_one_cm":120782},"minecraft:killed":{"iter_rpg:goblin":1,"minecraft:cave_spider":27,"iter_rpg:revenant":5,"minecraft:witch":2,"enemyexpansion:equestrian":1,"minecraft:spider":18,"minecraft:skeleton":77,"savage_and_ravage:griefer":1,"iter_rpg:weeper":16,"whisperwoods:wisp":1,"minecraft:silverfish":57,"savage_and_ravage:creepie":7,"irons_spellbooks:summoned_skeleton":3,"twilightforest:minotaur":1,"minecraft:iron_golem":2,"iter_rpg:spiderling":132,"irons_spellbooks:necromancer":1,"minecraft:creeper":11,"minecraft:pillager":3,"enemyexpansion:meature":1,"minecraft:zombie":97,"undead_unleashed:shadewraith":3,"iter_rpg:mournstone":17,"minecraft:mooshroom":1,"enemyexpansion:botfly":41,"minecraft:stray":37,"undead_unleashed:haunter":7,"iter_rpg:griever":16,"alexsmobs:dropbear":1,"minecraft:evoker":1,"irons_spellbooks:summoned_zombie":4,"enemyexpansion:intruder":1,"minecraft:vindicator":3,"goblintraders:goblin_trader":1,"iter_rpg:hobgoblin":1,"enemyexpansion:goblin":1,"minecraft:husk":27,"aquamirae:maw":1,"iter_rpg:peeper":3,"enemyexpansion:sprinter":2,"majruszsdifficulty:cursed_armor":92,"whisperwoods:zotzpyre":5,"iter_rpg:goblin_warrior":4,"iter_rpg:giant_spider":1,"minecraft:wither_skeleton":20,"minecraft:enderman":1}},"DataVersion":3120}