{"stats":{"minecraft:used":{"minecraft:oak_log":1},"minecraft:mined":{"minecraft:oak_log":2},"minecraft:dropped":{"majruszsaccessories:miner_guide":2,"enigmaticlegacy:golem_heart":1,"minecraft:diamond_boots":1,"minecraft:oak_log":1,"enigmaticlegacy:iron_ring":1,"ringsofascension:ring_strength":1,"enigmaticlegacy:etherium_ore":2},"minecraft:picked_up":{"minecraft:diamond_boots":1,"minecraft:oak_log":2},"minecraft:custom":{"minecraft:time_since_rest":2388,"enigmaticlegacy:play_time_with_seven_curses":0,"minecraft:damage_absorbed":18,"minecraft:damage_taken":445,"minecraft:play_time":2933,"minecraft:sprint_one_cm":78,"minecraft:walk_one_cm":1884,"minecraft:deaths":1,"minecraft:sneak_time":4,"minecraft:drop":8,"minecraft:jump":9,"minecraft:time_since_death":2296,"enigmaticlegacy:play_time_without_seven_curses":115371,"minecraft:total_world_time":2933,"minecraft:fly_one_cm":285,"minecraft:fall_one_cm":725}},"DataVersion":3120}