{"stats":{"minecraft:used":{"minecraft:shield":10,"minecraft:dirt":1,"cisco_mod:slumbering_equillibrium":3454,"minecraft:bow":1,"minecraft:mossy_cobblestone":3,"minecraft:glow_berries":1,"farmersdelight:bacon_and_eggs":25,"minecraft:oak_log":1,"farmersdelight:ratatouille":16,"minecraft:diamond_pickaxe":161,"minecraft:bread":32,"minecraft:diamond_sword":1072},"minecraft:killed":{"minecraft:evoker":1,"enemyexpansion:direwolf":1,"minecraft:skeleton":56,"ars_nouveau:animated_block":1,"enemyexpansion:sprinter":1,"majruszsdifficulty:cursed_armor":4,"minecraft:zombie":1,"minecraft:stray":66,"undead_unleashed:haunter":6,"minecraft:wither_skeleton":7},"minecraft:dropped":{"minecraft:iron_ingot":5,"undead_unleashed:grave_metal_chestplate":1,"minecraft:soul_sand":1,"minecraft:moss_block":3,"minecraft:wheat_seeds":4,"minecraft:oak_log":2,"minecraft:mossy_cobblestone":12,"minecraft:diamond":98,"minecraft:diamond_leggings":1,"minecraft:iron_helmet":4,"minecraft:cobblestone":42,"enigmaticlegacy:golem_heart":1,"minecraft:rooted_dirt":5,"minecraft:cracked_stone_bricks":1,"undead_unleashed:grave_metal_scrap":6,"minecraft:chainmail_helmet":1,"minecraft:coal":1,"minecraft:stick":2,"minecraft:redstone_lamp":1,"minecraft:dirt":26,"ringsofascension:ring_strength":1,"byg:soapstone":10,"minecraft:nether_wart_block":1,"cisco_mod:slumbering_equillibrium":8,"irons_spellbooks:frozen_bone":79,"minecraft:gold_ingot":130,"minecraft:redstone_block":1,"minecraft:bone":40,"enigmaticlegacy:eye_of_nebula":2,"minecraft:coarse_dirt":2,"minecraft:stone_sword":1,"minecraft:bowl":22,"immersive_armors:wooden_boots":1,"majruszsaccessories:miner_guide":2,"minecraft:rotten_flesh":1,"enigmaticlegacy:tattered_tome":1,"enigmaticlegacy:iron_ring":2,"minecraft:azure_bluet":1,"minecraft:nether_bricks":10,"minecraft:chainmail_chestplate":1,"minecraft:diamond_sword":1,"minecraft:leather_chestplate":2,"supplementaries:ash":3,"minecraft:trident":1,"minecraft:iron_chestplate":1,"apotheosis:rare_material":5,"minecraft:andesite":4,"minecraft:mossy_stone_bricks":7,"apotheosis:gem":1,"minecraft:golden_leggings":1,"enigmaticlegacy:etherium_ore":4,"minecraft:chainmail_boots":5,"minecraft:leather_leggings":1,"minecraft:stone_bricks":1,"minecraft:diamond_boots":2,"minecraft:arrow":25,"immersive_armors:wooden_helmet":1},"minecraft:custom":{"minecraft:interact_with_smithing_table":2,"enigmaticlegacy:play_time_with_seven_curses":0,"lootr:looted_stat":47,"minecraft:interact_with_anvil":1,"minecraft:mob_kills":148,"minecraft:interact_with_crafting_table":3,"minecraft:damage_dealt_resisted":8523,"minecraft:leave_game":1,"minecraft:time_since_death":13955,"minecraft:climb_one_cm":1264,"minecraft:damage_resisted":0,"minecraft:sprint_one_cm":98861,"minecraft:walk_one_cm":411106,"minecraft:damage_blocked_by_shield":1115,"minecraft:drop":172,"minecraft:play_time":171327,"minecraft:deaths":19,"minecraft:sneak_time":1855,"minecraft:walk_under_water_one_cm":23387,"minecraft:jump":691,"minecraft:walk_on_water_one_cm":9815,"minecraft:total_world_time":171327,"minecraft:interact_with_furnace":2,"enigmaticlegacy:play_time_without_seven_curses":282715,"minecraft:time_since_rest":13982,"minecraft:damage_taken":15582,"minecraft:damage_absorbed":18,"minecraft:damage_dealt":208716,"minecraft:swim_one_cm":4368,"minecraft:fly_one_cm":47176,"minecraft:open_chest":49,"minecraft:crouch_one_cm":2986,"minecraft:fall_one_cm":20363},"minecraft:crafted":{"minecraft:netherite_sword":1,"minecraft:iron_block":7},"minecraft:mined":{"minecraft:mossy_cobblestone":13,"minecraft:nether_bricks":11,"minecraft:chiseled_stone_bricks":1,"minecraft:spawner":26,"minecraft:mossy_cobblestone_stairs":2,"minecraft:fire":21,"minecraft:andesite":2,"minecraft:mossy_stone_brick_stairs":1,"minecraft:vine":3,"minecraft:stone":64,"minecraft:cobblestone":1,"byg:soapstone":12,"forbidden_arcanus:xpetrified_ore":1,"minecraft:oak_log":2,"minecraft:dirt":1,"minecraft:cobweb":12,"minecraft:cracked_stone_bricks":6,"minecraft:stone_bricks":1,"minecraft:mossy_stone_bricks":13},"minecraft:killed_by":{"minecraft:player":3,"minecraft:stray":1,"aquamirae:maw":1,"undead_unleashed:haunter":1,"minecraft:skeleton":4,"majruszsdifficulty:cursed_armor":3},"minecraft:picked_up":{"iter_rpg:spawner_fragment":1,"ars_nouveau:caster_tome":2,"minecraft:iron_chestplate":1,"minecraft:coarse_dirt":2,"byg:soapstone":1,"minecraft:azure_bluet":1,"minecraft:chainmail_boots":4,"minecraft:redstone_block":1,"minecraft:redstone_lamp":1,"minecraft:leather_leggings":3,"minecraft:diamond_sword":3,"minecraft:enchanted_book":2,"undead_unleashed:grave_metal_chestplate":1,"enigmaticlegacy:tattered_tome":2,"minecraft:shield":1,"minecraft:string":10,"apotheosis:epic_material":1,"minecraft:wooden_sword":1,"minecraft:netherite_scrap":7,"minecraft:experience_bottle":2,"minecraft:cracked_stone_bricks":4,"minecraft:diamond_leggings":1,"immersive_armors:wooden_leggings":1,"farmersdelight:ratatouille":16,"enigmaticlegacy:etherium_ore":6,"mcsa:prismarine_soldier_chestplate":1,"minecraft:tipped_arrow":36,"apotheosis:rare_material":5,"minecraft:stick":6,"apotheosis:gem":5,"minecraft:bowl":6,"minecraft:trident":1,"origins:orb_of_origin":1,"minecraft:diamond_chestplate":1,"minecraft:stone_sword":3,"minecraft:arrow":150,"minecraft:rotten_flesh":1,"minecraft:nether_bricks":11,"minecraft:diamond_boots":2,"minecraft:iron_block":6,"ringsofascension:ring_night_vision":1,"minecraft:totem_of_undying":1,"minecraft:saddle":2,"minecraft:gold_ingot":7,"supplementaries:ash":3,"cisco_mod:champion_coin":1,"forbidden_arcanus:spawner_scrap":6,"minecraft:cobblestone":17,"minecraft:leather_chestplate":2,"minecraft:andesite":6,"minecraft:golden_leggings":1,"cisco_mod:slumbering_equillibrium":3,"enigmaticlegacy:golem_heart":1,"minecraft:oak_log":4,"minecraft:chainmail_chestplate":1,"minecraft:nether_wart_block":1,"minecraft:wither_skeleton_skull":1,"minecraft:dirt":28,"minecraft:bone":108,"majruszsaccessories:miner_guide":2,"minecraft:stone_bricks":1,"minecraft:bow":2,"minecraft:wheat_seeds":4,"minecraft:iron_ingot":5,"undead_unleashed:grave_metal_boots":1,"minecraft:mossy_stone_bricks":5,"minecraft:moss_block":3,"apotheosis:gem_dust":1,"minecraft:soul_sand":1,"irons_spellbooks:frozen_bone":163,"minecraft:chiseled_stone_bricks":1,"enigmaticlegacy:iron_ring":2,"undead_unleashed:grave_metal_scrap":69,"farmersdelight:bacon_and_eggs":31,"minecraft:mossy_cobblestone":6,"ringsofascension:ring_strength":1,"immersive_armors:wooden_chestplate":1,"minecraft:iron_helmet":4,"minecraft:mossy_cobblestone_stairs":1,"enigmaticlegacy:eye_of_nebula":1,"minecraft:chainmail_helmet":2,"minecraft:bread":47,"minecraft:rooted_dirt":5,"immersive_armors:wooden_boots":1,"minecraft:coal":2}},"DataVersion":3120}