{"stats":{"minecraft:used":{"minecraft:shield":7,"minecraft:bow":1,"minecraft:mossy_cobblestone":3,"minecraft:glow_berries":1,"farmersdelight:bacon_and_eggs":25,"minecraft:oak_log":1,"farmersdelight:ratatouille":2,"minecraft:diamond_pickaxe":160,"minecraft:bread":15,"minecraft:diamond_sword":857},"minecraft:killed":{"minecraft:evoker":1,"enemyexpansion:direwolf":1,"minecraft:skeleton":4,"enemyexpansion:sprinter":1,"majruszsdifficulty:cursed_armor":3,"minecraft:zombie":1,"minecraft:stray":6,"minecraft:wither_skeleton":7},"minecraft:dropped":{"minecraft:soul_sand":1,"minecraft:moss_block":3,"minecraft:wheat_seeds":4,"minecraft:oak_log":2,"minecraft:mossy_cobblestone":12,"minecraft:diamond_leggings":1,"minecraft:iron_helmet":4,"minecraft:cobblestone":42,"enigmaticlegacy:golem_heart":1,"minecraft:rooted_dirt":5,"minecraft:cracked_stone_bricks":1,"undead_unleashed:grave_metal_scrap":6,"minecraft:chainmail_helmet":1,"minecraft:coal":1,"minecraft:stick":2,"minecraft:redstone_lamp":1,"minecraft:dirt":16,"ringsofascension:ring_strength":1,"byg:soapstone":10,"minecraft:nether_wart_block":1,"irons_spellbooks:frozen_bone":5,"minecraft:redstone_block":1,"minecraft:bone":2,"enigmaticlegacy:eye_of_nebula":2,"minecraft:coarse_dirt":2,"minecraft:stone_sword":1,"minecraft:bowl":15,"immersive_armors:wooden_boots":1,"majruszsaccessories:miner_guide":2,"minecraft:rotten_flesh":1,"enigmaticlegacy:tattered_tome":1,"enigmaticlegacy:iron_ring":2,"minecraft:azure_bluet":1,"minecraft:nether_bricks":10,"minecraft:chainmail_chestplate":1,"minecraft:diamond_sword":1,"minecraft:leather_chestplate":1,"minecraft:trident":1,"minecraft:iron_chestplate":1,"minecraft:andesite":4,"minecraft:mossy_stone_bricks":7,"minecraft:golden_leggings":1,"enigmaticlegacy:etherium_ore":4,"minecraft:chainmail_boots":5,"minecraft:leather_leggings":1,"minecraft:stone_bricks":1,"minecraft:diamond_boots":2,"minecraft:arrow":25,"immersive_armors:wooden_helmet":1},"minecraft:custom":{"enigmaticlegacy:play_time_with_seven_curses":0,"lootr:looted_stat":45,"minecraft:mob_kills":25,"minecraft:interact_with_crafting_table":1,"minecraft:damage_dealt_resisted":8336,"minecraft:leave_game":1,"minecraft:time_since_death":9013,"minecraft:climb_one_cm":1264,"minecraft:damage_resisted":0,"minecraft:sprint_one_cm":92350,"minecraft:walk_one_cm":339592,"minecraft:damage_blocked_by_shield":1005,"minecraft:drop":115,"minecraft:play_time":105327,"minecraft:deaths":14,"minecraft:sneak_time":1392,"minecraft:walk_under_water_one_cm":23216,"minecraft:jump":389,"minecraft:walk_on_water_one_cm":7897,"minecraft:total_world_time":105327,"minecraft:interact_with_furnace":1,"enigmaticlegacy:play_time_without_seven_curses":216873,"minecraft:time_since_rest":9057,"minecraft:damage_taken":8385,"minecraft:damage_absorbed":18,"minecraft:damage_dealt":39426,"minecraft:swim_one_cm":4368,"minecraft:fly_one_cm":40420,"minecraft:open_chest":11,"minecraft:crouch_one_cm":2576,"minecraft:fall_one_cm":14953},"minecraft:mined":{"minecraft:mossy_cobblestone":13,"minecraft:nether_bricks":10,"minecraft:chiseled_stone_bricks":1,"minecraft:spawner":26,"minecraft:mossy_cobblestone_stairs":2,"minecraft:fire":2,"minecraft:andesite":2,"minecraft:mossy_stone_brick_stairs":1,"minecraft:vine":3,"minecraft:stone":64,"minecraft:cobblestone":1,"byg:soapstone":12,"forbidden_arcanus:xpetrified_ore":1,"minecraft:oak_log":2,"minecraft:dirt":1,"minecraft:cobweb":1,"minecraft:cracked_stone_bricks":6,"minecraft:stone_bricks":1,"minecraft:mossy_stone_bricks":13},"minecraft:killed_by":{"minecraft:player":2,"minecraft:stray":1,"aquamirae:maw":1,"minecraft:skeleton":3,"majruszsdifficulty:cursed_armor":3},"minecraft:picked_up":{"iter_rpg:spawner_fragment":1,"ars_nouveau:caster_tome":2,"minecraft:iron_chestplate":1,"minecraft:coarse_dirt":2,"byg:soapstone":1,"minecraft:azure_bluet":1,"minecraft:chainmail_boots":4,"minecraft:redstone_block":1,"minecraft:redstone_lamp":1,"minecraft:leather_leggings":1,"minecraft:diamond_sword":2,"minecraft:enchanted_book":2,"enigmaticlegacy:tattered_tome":2,"minecraft:shield":1,"minecraft:wooden_sword":1,"minecraft:experience_bottle":1,"minecraft:cracked_stone_bricks":4,"minecraft:diamond_leggings":1,"immersive_armors:wooden_leggings":1,"farmersdelight:ratatouille":16,"enigmaticlegacy:etherium_ore":6,"mcsa:prismarine_soldier_chestplate":1,"minecraft:tipped_arrow":2,"apotheosis:rare_material":5,"minecraft:stick":4,"apotheosis:gem":1,"minecraft:trident":1,"origins:orb_of_origin":1,"minecraft:diamond_chestplate":1,"minecraft:stone_sword":3,"minecraft:arrow":40,"minecraft:rotten_flesh":1,"minecraft:nether_bricks":10,"minecraft:diamond_boots":2,"ringsofascension:ring_night_vision":1,"minecraft:totem_of_undying":1,"minecraft:saddle":2,"minecraft:gold_ingot":5,"cisco_mod:champion_coin":1,"forbidden_arcanus:spawner_scrap":6,"minecraft:cobblestone":17,"minecraft:leather_chestplate":1,"minecraft:andesite":6,"minecraft:golden_leggings":1,"enigmaticlegacy:golem_heart":1,"minecraft:oak_log":4,"minecraft:chainmail_chestplate":1,"minecraft:nether_wart_block":1,"minecraft:dirt":17,"minecraft:bone":4,"majruszsaccessories:miner_guide":2,"minecraft:stone_bricks":1,"minecraft:bow":1,"minecraft:wheat_seeds":4,"undead_unleashed:grave_metal_boots":1,"minecraft:mossy_stone_bricks":5,"minecraft:moss_block":3,"minecraft:soul_sand":1,"minecraft:chiseled_stone_bricks":1,"enigmaticlegacy:iron_ring":2,"undead_unleashed:grave_metal_scrap":8,"farmersdelight:bacon_and_eggs":31,"minecraft:mossy_cobblestone":6,"ringsofascension:ring_strength":1,"immersive_armors:wooden_chestplate":1,"minecraft:iron_helmet":4,"minecraft:mossy_cobblestone_stairs":1,"enigmaticlegacy:eye_of_nebula":1,"minecraft:chainmail_helmet":2,"minecraft:bread":47,"minecraft:rooted_dirt":5,"immersive_armors:wooden_boots":1,"minecraft:coal":2}},"DataVersion":3120}