{"stats":{"minecraft:picked_up":{"minecolonies:supplycampdeployer":1,"minecraft:iron_chestplate":3,"easy_villagers:breeder":1,"minecraft:chainmail_boots":21,"minecraft:anvil":7,"minecraft:prismarine_shard":5,"minecraft:magenta_carpet":1,"minecraft:lead":2,"minecraft:diamond_sword":5,"minecraft:oak_stairs":69,"minecraft:wither_rose":1,"minecraft:enchanted_book":29,"minecraft:string":230,"apotheosis:epic_material":29,"minecraft:red_nether_bricks":4,"woodworks:oak_chest":6,"undead_unleashed:grave_metal_sword":1,"minecraft:diamond_leggings":10,"iter_rpg:giant_chain":5,"minecraft:gold_nugget":1,"minecraft:cobbled_deepslate":35,"bosses_of_mass_destruction:soul_star":14,"minecraft:spruce_planks":7,"minecraft:enchanted_golden_apple":2,"minecraft:coal_block":8,"relics:blazing_flask":2,"minecraft:golden_helmet":3,"minecraft:polished_blackstone_brick_slab":15,"apotheosis:rare_material":47,"minecraft:golden_axe":1,"ironchest:gold_chest":6,"enigmaticlegacy:withered_tome":23,"gateways:gate_pearl":1,"alexsmobs:tendon_whip":1,"minecraft:golden_chestplate":11,"enigmaticlegacy:angel_blessing":1,"minecraft:stone_sword":16,"minecraft:iron_block":3,"iter_rpg:gobsteel_scrap":2,"minecraft:white_terracotta":14,"supplementaries:ash":127,"majruszsdifficulty:undead_army_treasure_bag":1,"minecraft:blaze_rod":43,"enigmaticlegacy:blazing_core":1,"minecraft:iron_bars":23,"minecraft:birch_log":21,"majruszsaccessories:tool_scraps":2,"minecraft:iron_door":1,"minecraft:water_bucket":2,"minecraft:jungle_log":8,"enigmaticlegacy:golem_heart":6,"minecraft:flint":4,"iter_rpg:grimstone_bricks":10,"minecraft:cyan_concrete_powder":1,"lootr:trophy":1,"minecraft:lantern":1,"aquamirae:fin":2,"irons_spellbooks:iron_spell_book":1,"minecraft:chipped_anvil":1,"majruszsaccessories:onyx":1,"iter_rpg:water_fragment":4,"cisco_mod:amuletof_vitality":1,"minecraft:diamond_helmet":5,"minecraft:glowstone_dust":3,"apotheosis:mythic_material":3,"iter_rpg:silky_hivestone":10,"iter_rpg:grimstone":37,"patchouli:guide_book":3,"irons_spellbooks:legendary_ink":1,"iter_rpg:cracked_hivestone":2,"irons_spellbooks:frostward_ring":1,"enigmaticlegacy:iron_ring":2,"minecraft:lime_terracotta":3,"cisco_mod:fell_king_armor_leggings":1,"alexsmobs:novelty_hat":1,"minecraft:loom":1,"enigmaticlegacy:earth_heart":1,"minecraft:polished_andesite":5,"apotheosis:improved_scrap_tome":3,"supplementaries:bamboo_spikes":2,"minecraft:granite":2,"minecraft:chainmail_helmet":8,"minecraft:bread":19,"minecraft:bricks":7,"cisco_mod:fell_king_armor_boots":1,"minecraft:diamond_pickaxe":5,"sophisticatedbackpacks:gold_backpack":3,"minecraft:coarse_dirt":2,"minecraft:crafting_table":1,"minecraft:nether_wart":2,"minecraft:leather_leggings":25,"cisco_mod:divine_core":2,"iter_rpg:polished_grimstone":14,"enigmaticlegacy:tattered_tome":62,"relics:leather_belt":1,"minecraft:netherite_scrap":27,"minecraft:iron_shovel":1,"minecraft:cracked_stone_bricks":86,"iter_rpg:coin":19,"minecraft:cyan_wool":4,"minecraft:iron_nugget":4,"minecraft:chest":4,"minecraft:birch_sapling":3,"minecraft:diamond_hoe":2,"mcsa:prismarine_soldier_chestplate":1,"relics:magma_walker":1,"minecraft:sandstone":1,"minecraft:polished_deepslate_slab":3,"minecraft:stone":71,"iter_rpg:blackstone_geode":1,"minecraft:oak_door":6,"sophisticatedbackpacks:crafting_upgrade":1,"relics:rage_glove":1,"sophisticatedbackpacks:backpack":7,"byg:ebony_sapling":2,"farmersdelight:tomato_seeds":64,"minecraft:carrot":1,"majruszsaccessories:adventurer_kit":3,"minecraft:redstone":33,"minecraft:blue_carpet":1,"enigmaticlegacy:unholy_grail":1,"quark:yellow_corundum":2,"minecraft:tnt":2,"minecraft:diamond_chestplate":16,"celestisynth:solar_crystal":1,"minecraft:diamond_boots":8,"minecraft:yellow_terracotta":3,"minecraft:gold_ingot":122,"sophisticatedbackpacks:copper_backpack":2,"cisco_mod:champion_coin":4,"ars_nouveau:amethyst_golem_charm":2,"minecraft:bone_block":8,"minecraft:stripped_oak_log":13,"minecraft:blackstone_slab":2,"minecraft:jungle_fence":1,"minecraft:oak_log":169,"minecraft:ancient_debris":3,"iter_rpg:magmanum_chunk":1,"minecraft:golden_boots":10,"relics:spore_sack":1,"minecraft:paper":2,"minecraft:white_banner":2,"majruszsdifficulty:tattered_leggings":1,"sophisticatedbackpacks:upgrade_base":1,"minecraft:apple":7,"minecraft:stone_bricks":122,"alexsmobs:cockroach_wing_fragment":1,"minecraft:cobweb":1,"undead_unleashed:grave_metal_boots":1,"relics:infinity_ham":3,"minecraft:glass_bottle":7,"apotheosis:gem_dust":50,"minecraft:iron_sword":4,"iter_rpg:chiseled_grimstone_bricks":1,"minecraft:polished_andesite_stairs":1,"minecraft:green_glazed_terracotta":6,"minecraft:gravel":40,"enigmaticlegacy:void_stone":1,"byg:warped_cactus":3,"iter_rpg:hivestone":9,"minecraft:crying_obsidian":2,"minecraft:leather_helmet":17,"minecraft:diamond_axe":9,"minecraft:polished_blackstone_brick_wall":2,"enigmaticlegacy:eye_of_nebula":2,"minecraft:ender_pearl":20,"irons_spellbooks:scroll":8,"ars_nouveau:caster_tome":9,"minecraft:redstone_block":1,"minecraft:nether_brick_fence":2,"enigmaticlegacy:corrupted_tome":13,"minecraft:yellow_wool":1,"minecraft:potion":3,"undead_unleashed:grave_metal_chestplate":2,"minecraft:gilded_blackstone":2,"minecraft:stone_brick_stairs":8,"enigmaticlegacy:enigmatic_eye":1,"aether:diamond_gloves":2,"minecraft:iron_leggings":5,"minecraft:netherite_ingot":1,"minecraft:experience_bottle":17,"alexsmobs:dropbear_claw":4,"irons_spellbooks:arcane_essence":5,"minecraft:red_sand":3,"minecraft:bucket":1,"twigs:pebble":3,"delightful:acorn":2,"minecraft:rose_bush":1,"minecraft:cobblestone_slab":9,"minecraft:ender_eye":4,"minecraft:iron_boots":3,"minecraft:tipped_arrow":319,"minecraft:stick":5,"apotheosis:gem":197,"minecraft:acacia_fence":1,"minecraft:oak_fence":3,"minecraft:polished_deepslate_stairs":3,"minecraft:torch":7,"quark:yellow_corundum_cluster":6,"minecraft:porkchop":3,"minecraft:pointed_dripstone":5,"minecraft:diorite":12,"alexsmobs:roadrunner_boots":1,"quark:ancient_tome":8,"minecraft:quartz_block":6,"minecraft:rotten_flesh":276,"minecraft:obsidian":139,"minecraft:blaze_powder":3,"irons_spellbooks:copper_spell_book":1,"minecraft:cobblestone":457,"minecraft:enchanting_table":3,"minecraft:leather_chestplate":27,"minecraft:golden_leggings":4,"alexsmobs:bear_fur":1,"minecraft:tuff":1,"supplementaries:flax_seeds":6,"minecraft:wither_skeleton_skull":20,"minecraft:lapis_lazuli":100,"minecraft:dirt":235,"minecraft:polished_granite":5,"enigmaticlegacy:monster_charm":2,"minecraft:leather_boots":10,"minecraft:glass":68,"irons_spellbooks:hogskin":23,"iter_rpg:ametrine_nugget":2,"minecraft:bone":975,"ringsofascension:ring_knockback_resistance":1,"majruszsaccessories:miner_guide":2,"minecraft:bow":27,"ars_nouveau:source_gem":4,"minecraft:wheat_seeds":5,"easy_villagers:trader":1,"minecraft:mossy_stone_bricks":30,"twigs:twig":21,"minecraft:oak_planks":57,"minecraft:mossy_stone_brick_stairs":6,"minecraft:lime_glazed_terracotta":10,"minecraft:ghast_tear":1,"alexsmobs:rocky_chestplate":2,"irons_spellbooks:frozen_bone":1312,"iter_rpg:spider_silk":7,"undead_unleashed:grave_metal_leggings":1,"minecraft:jungle_planks":1,"minecraft:sand":107,"minecraft:nether_brick_stairs":2,"iter_rpg:stone_geode":1,"minecraft:mossy_cobblestone":112,"irons_spellbooks:blaze_spell_book":1,"majruszsaccessories:owl_feather":1,"twigs:silt_brick":12,"ringsofascension:ring_strength":2,"minecraft:diamond":40,"waystones:waystone":1,"iter_rpg:abyssquartz_shard":20,"minecraft:cracked_polished_blackstone_bricks":31,"relics:researching_table":3,"minecraft:golden_apple":8,"minecraft:emerald":4,"minecraft:oak_sapling":28,"minecraft:netherrack":475,"irons_spellbooks:uncommon_ink":5,"cisco_mod:brightsteel_ingot":7,"relics:space_dissector":1,"iter_rpg:spawner_fragment":9,"nethersdelight:hoglin_loin":30,"majruszsdifficulty:tattered_boots":3,"minecraft:charcoal":10,"byg:soapstone":6,"minecraft:chicken":2,"minecraft:ladder":1,"irons_spellbooks:necronomicon_spell_book":2,"simplyswords:diamond_katana":1,"savage_and_ravage:spore_bomb":1,"minecraft:gold_block":29,"minecraft:chain":4,"minecraft:shield":26,"minecraft:iron_axe":1,"skilltree:wisdom_scroll":2,"minecraft:blackstone":1,"minecraft:candle":4,"apotheosis:scrap_tome":1,"cisco_mod:fell_king_armor_chestplate":1,"twilightforest:fiery_pickaxe":3,"minecraft:player_head":2,"minecraft:tinted_glass":5,"supplementaries:cage":1,"minecraft:phantom_membrane":2,"easy_villagers:incubator":1,"minecraft:raw_iron":3,"bygonenether:cobbled_blackstone":39,"iter_rpg:cracked_grimstone_bricks":4,"minecraft:bowl":1,"minecraft:polished_blackstone_bricks":1,"minecraft:stone_button":1,"minecraft:stone_pressure_plate":1,"minecraft:dark_oak_planks":1,"iter_rpg:polished_grimstone_wall":4,"minecraft:arrow":971,"ars_elemental:fire_caster_tome":2,"minecraft:pumpkin_pie":40,"minecraft:jungle_stairs":2,"minecraft:nether_bricks":14,"cisco_mod:fell_king_armor_helmet":1,"ringsofascension:ring_night_vision":2,"minecraft:saddle":1,"majruszsdifficulty:cerberus_fang":3,"forbidden_arcanus:spawner_scrap":33,"minecraft:skeleton_skull":1,"apotheosis:sigil_of_socketing":1,"endrem:cursed_eye":1,"minecraft:air":0,"minecraft:leather":38,"minecraft:cut_sandstone":6,"forbidden_arcanus:zombie_arm":2,"cisco_mod:slumbering_equillibrium":6,"minecraft:birch_planks":4,"iter_rpg:spider_silk_block":5,"minecraft:chainmail_chestplate":13,"minecraft:yellow_glazed_terracotta":13,"minecraft:yellow_bed":2,"minecraft:cobbled_deepslate_stairs":1,"minecraft:gunpowder":19,"majruszsaccessories:horseshoe":1,"ringsofascension:ring_slow_resistance":1,"byg:firecracker_flower_bush":1,"quark:forgotten_hat":2,"minecraft:red_carpet":8,"supplementaries:wrench":1,"minecraft:iron_ingot":13,"minecraft:polished_andesite_slab":2,"iter_rpg:deepslate_geode":1,"minecraft:soul_sand":6,"relics:bastion_ring":1,"sophisticatedbackpacks:diamond_backpack":2,"minecraft:book":51,"minecraft:scaffolding":1,"minecraft:oak_slab":3,"minecraft:emerald_block":1,"minecraft:budding_amethyst":4,"minecraft:quartz":11,"minecraft:dripstone_block":42,"minecraft:lava_bucket":3,"minecraft:amethyst_shard":77,"undead_unleashed:grave_metal_scrap":289,"minecraft:nether_brick_slab":8,"iter_rpg:demonbone":7,"mcsa:dragonsbane_leggings":1,"minecraft:spider_eye":45,"minecraft:chainmail_leggings":20,"minecraft:mossy_cobblestone_stairs":3,"undead_unleashed:grave_metal_axe":3,"iter_rpg:hivestone_stairs":1,"minecraft:coal":44},"minecraft:mined":{"minecraft:dark_oak_planks":2,"minecraft:blue_carpet":1,"minecraft:jungle_leaves":4,"minecraft:red_nether_bricks":18,"minecraft:obsidian":33,"minecraft:granite":121,"minecraft:acacia_log":1,"minecraft:yellow_carpet":1,"iter_rpg:grimstone_bricks_wall":5,"iter_rpg:cracked_grimstone_bricks":2,"quark:yellow_corundum":2,"minecraft:deepslate_bricks":19,"minecraft:deepslate_tile_stairs":2,"iter_rpg:hivestone_wall":12,"minecraft:nether_wart":3,"minecraft:chiseled_stone_bricks":12,"minecraft:spawner":134,"iter_rpg:infested_hivestone":9,"minecraft:weeping_vines_plant":1,"minecraft:polished_blackstone_bricks":152,"minecraft:magma_block":10,"minecraft:mossy_cobblestone_stairs":10,"minecraft:cobbled_deepslate":13,"minecraft:fire":64,"byg:quartzite_sand":114,"minecraft:nether_brick_stairs":5,"minecraft:sculk_shrieker":8,"minecraft:polished_deepslate_slab":17,"minecraft:oak_stairs":125,"minecraft:deepslate_brick_stairs":7,"minecraft:smooth_sandstone_stairs":1,"savage_and_ravage:spore_bomb":1,"minecraft:white_banner":1,"minecraft:sandstone_slab":10,"minecraft:cut_sandstone":23,"minecraft:red_bed":1,"minecraft:soul_fire":5,"atmospheric:flowering_morado_leaves":1,"undead_unleashed:ancient_dirt":3,"minecraft:torch":2,"minecraft:polished_andesite_stairs":5,"minecraft:dead_bush":2,"minecraft:nether_brick_slab":11,"galosphere:silver_ore":1,"minecraft:bricks":7,"iter_rpg:grimstone_bricks":6,"iter_rpg:polished_grimstone_stairs":2,"minecraft:skeleton_skull":1,"minecraft:white_terracotta":2,"minecraft:chain":3,"byg:soapstone":134,"forbidden_arcanus:darkstone":4,"minecraft:tinted_glass":9,"minecraft:potted_poppy":1,"minecraft:stone_brick_stairs":35,"minecraft:grass":21,"minecraft:loom":1,"quark:yellow_corundum_cluster":2,"minecraft:smooth_basalt":2,"twigs:rhyolite":63,"minecraft:deepslate":782,"minecraft:yellow_terracotta":38,"minecraft:deepslate_tiles":5,"minecraft:mossy_cobblestone":126,"minecraft:nether_brick_wall":5,"minecraft:dark_oak_log":1,"iter_rpg:cracked_hivestone":12,"minecraft:nether_bricks":152,"minecraft:dark_oak_fence":6,"minecraft:jungle_planks":2,"byg:warped_cactus":1,"iter_rpg:spider_silk_block":2,"supplementaries:bamboo_spikes":3,"minecraft:green_terracotta":57,"minecraft:andesite":164,"iter_rpg:polished_grimstone":10,"minecraft:mossy_stone_brick_stairs":23,"minecraft:vine":221,"minecraft:cobblestone_slab":21,"ironchest:iron_chest":1,"minecraft:bone_block":9,"minecraft:oak_slab":6,"minecraft:redstone_block":1,"minecraft:gray_concrete":1,"minecraft:glass_pane":7,"minecraft:soul_sand":16,"lootr:lootr_barrel":1,"minecraft:stone_brick_slab":2,"minecraft:polished_blackstone_brick_wall":45,"iter_rpg:vase":2,"iter_rpg:cut_hivestone":16,"minecraft:campfire":6,"minecraft:tall_grass":1,"minecraft:copper_ore":15,"minecraft:cracked_deepslate_bricks":12,"minecraft:diorite":49,"byg:ebony_leaves":27,"byg:horseweed":2,"iter_rpg:hivestone_stairs":6,"byg:leaf_pile":1,"minecraft:birch_leaves":1,"minecraft:jungle_fence":1,"ars_nouveau:mage_block":10,"minecraft:gravel":28,"minecraft:dripstone_block":76,"minecraft:cobweb":141,"minecraft:polished_blackstone":12,"minecraft:stone_bricks":349,"minecraft:chipped_anvil":1,"minecraft:fern":1,"iter_rpg:grimstone":4,"minecraft:large_amethyst_bud":1,"minecraft:spruce_planks":2,"minecraft:mossy_stone_brick_slab":1,"minecraft:cobbled_deepslate_stairs":1,"iter_rpg:crumbling_hivestone":2,"minecraft:cobblestone_stairs":1,"iter_rpg:weaved_hivestone":9,"minecraft:sculk_vein":13,"minecraft:grass_block":151,"minecraft:cracked_polished_blackstone_bricks":26,"minecraft:polished_blackstone_brick_slab":12,"minecraft:gilded_blackstone":28,"minecraft:sandstone_stairs":16,"quark:blaze_lantern":1,"irons_spellbooks:scroll_forge":2,"minecraft:glowstone":21,"ironfurnaces:gold_furnace":8,"supplementaries:ash":9,"minecraft:red_nether_brick_stairs":2,"minecraft:iron_ore":3,"minecraft:anvil":7,"twigs:silt":4,"minecraft:pointed_dripstone":6,"darkerdepths:shale":4,"minecraft:iron_bars":68,"iter_rpg:polished_grimstone_wall":2,"minecraft:spruce_slab":3,"minecraft:deepslate_redstone_ore":13,"atmospheric:arid_sandstone":79,"lootr:lootr_chest":4,"minecraft:quartz_block":6,"minecraft:cyan_terracotta":1,"minecraft:blackstone":200,"supplementaries:book_pile":1,"minecraft:polished_deepslate_stairs":3,"minecraft:orange_terracotta":1,"minecraft:clay":1,"minecraft:light_gray_terracotta":1,"minecraft:chest":1,"byg:firecracker_flower_bush":6,"minecraft:nether_quartz_ore":58,"minecraft:cobblestone":213,"minecraft:oak_planks":114,"byg:mossy_stone":3,"minecraft:iron_door":2,"minecraft:wall_torch":12,"minecraft:blue_terracotta":2,"minecraft:dark_oak_slab":2,"minecraft:nether_wart_block":3,"byg:quartz_crystal":1,"minecraft:birch_log":21,"bygonenether:cobbled_blackstone":1,"minecraft:blue_ice":265,"byg:overgrown_stone":1,"ironchest:diamond_chest":2,"minecraft:tnt":6,"celestisynth:solar_crystal":2,"minecraft:oak_log":166,"minecraft:lime_terracotta":66,"minecraft:sand":182,"minecraft:dirt":242,"minecraft:infested_cracked_stone_bricks":1,"structure_gel:dynamic_spawner":5,"minecraft:netherrack":2341,"iter_rpg:goblin_spawner":1,"minecraft:oak_leaves":51,"minecraft:emerald_block":1,"minecraft:redstone_lamp":1,"minecraft:nether_gold_ore":16,"minecraft:tuff":115,"minecraft:red_carpet":4,"minecraft:stripped_mangrove_log":2,"minecraft:deepslate_diamond_ore":6,"minecraft:candle":9,"minecraft:oak_door":6,"minecraft:dark_oak_pressure_plate":1,"minecraft:ladder":3,"minecraft:stone_button":1,"minecraft:polished_andesite_slab":2,"iter_rpg:big_vase":3,"minecraft:cracked_nether_bricks":7,"minecraft:sandstone":13,"quark:jasper":6,"iter_rpg:small_vase":5,"minecraft:chiseled_sandstone":1,"minecraft:chiseled_deepslate":4,"minecraft:gold_block":29,"minecraft:nether_brick_fence":18,"minecraft:polished_deepslate":4,"minecraft:bookshelf":18,"minecraft:deepslate_iron_ore":4,"minecraft:lantern":2,"minecraft:stripped_oak_log":18,"minecraft:packed_ice":15,"minecraft:stone":2015,"minecraft:jungle_fence_gate":1,"minecraft:podzol":3,"supplementaries:book_pile_horizontal":3,"minecraft:acacia_leaves":7,"minecraft:basalt":36,"minecraft:spruce_door":1,"relics:researching_table":3,"minecraft:polished_granite":4,"minecraft:oak_fence":7,"minecraft:crafting_table":1,"minecraft:blackstone_slab":2,"atmospheric:rosewood_leaves":4,"minecraft:sculk_sensor":20,"woodworks:oak_chest":6,"minecraft:lapis_ore":1,"iter_rpg:hivestone":53,"minecraft:polished_blackstone_brick_stairs":23,"minecraft:sculk":103,"supplementaries:urn":8,"minecraft:spruce_stairs":1,"minecraft:birch_planks":4,"iter_rpg:giant_chain":6,"iter_rpg:silky_hivestone":19,"minecraft:yellow_bed":2,"byg:raw_quartz_block":35,"iter_rpg:spider_egg":9,"minecraft:coal_ore":47,"minecraft:lodestone":1,"minecraft:cracked_stone_bricks":192,"minecraft:polished_andesite":41,"minecraft:mossy_stone_bricks":138},"minecraft:broken":{"minecraft:diamond_helmet":4,"mcsa:golden_goliath_leggings":1,"minecraft:iron_sword":1,"quark:forgotten_hat":1,"minecraft:diamond_leggings":3,"immersive_armors:heavy_chestplate":1,"mcsa:golden_goliath_circuitry_chestplate":1,"alexsmobs:roadrunner_boots":1,"minecraft:diamond_boots":1,"minecraft:diamond_chestplate":1,"alexsmobs:novelty_hat":1,"cisco_mod:adventurer_helmet":1,"mcsa:prismarine_soldier_chestplate":1},"minecraft:used":{"byg:raw_quartz_block":1,"minecraft:chest":2,"minecraft:stone":25,"lootr:trophy":1,"simplyswords:diamond_twinblade":1,"ironchest:iron_chest":1,"majruszsdifficulty:golden_bandage":18,"atmospheric:arid_sandstone":65,"ars_nouveau:amethyst_golem_charm":2,"minecraft:lava_bucket":57,"minecraft:birch_sapling":2,"minecraft:stone_brick_stairs":1,"iter_rpg:grimstone":2,"minecraft:bow":15,"minecraft:yellow_glazed_terracotta":13,"minecraft:oak_sapling":27,"minecraft:lime_glazed_terracotta":10,"minecraft:mossy_stone_bricks":76,"minecraft:diorite":3,"minecraft:golden_apple":47,"minecraft:sand":7,"cisco_mod:fell_king_armor_boots":2,"minecraft:crying_obsidian":2,"cisco_mod:fell_king_armor_helmet":2,"mcsa:prismarine_soldier_chestplate":1,"minecraft:diamond_sword":1206,"globalxp:xp_block":1,"minecraft:smithing_table":1,"supplementaries:bamboo_spikes":5,"forbidden_arcanus:reinforced_deorum_sword":3,"ironfurnaces:gold_furnace":17,"minecraft:polished_blackstone_brick_slab":1,"minecraft:iron_bars":3,"minecraft:tinted_glass":12,"minecraft:netherrack":7,"minecraft:green_glazed_terracotta":2,"minecraft:anvil":8,"minecraft:nether_brick_slab":1,"minecraft:chipped_anvil":1,"minecraft:iron_axe":29,"enigmaticlegacy:unholy_grail":1,"minecraft:smooth_basalt":2,"cisco_mod:fell_king_armor_leggings":3,"alexsmobs:unsettling_kimono":1,"minecraft:cobbled_deepslate":67,"minecraft:golden_axe":5,"minecraft:water_bucket":43,"minecraft:birch_planks":5,"minecraft:polished_blackstone_bricks":19,"minecraft:cracked_stone_bricks":84,"minecraft:gilded_blackstone":2,"minecraft:mossy_cobblestone":80,"supplementaries:bomb":5,"minecraft:crafting_table":5,"minecraft:tnt":2,"minecraft:campfire":6,"minecraft:oak_log":27,"minecraft:diamond_pickaxe":9170,"majruszsdifficulty:undead_army_treasure_bag":2,"minecraft:iron_pickaxe":289,"minecraft:enchanted_book":1,"minecraft:cobblestone":556,"minecraft:potion":8,"minecraft:sandstone_slab":9,"minecraft:glass_pane":5,"minecraft:stripped_oak_log":8,"minecraft:diamond_leggings":3,"minecraft:iron_shovel":191,"minecraft:diamond_hoe":147,"minecraft:iron_sword":238,"endrem:cursed_eye":1,"minecraft:nether_bricks":29,"minecraft:carrot":1,"minecraft:axolotl_bucket":1,"minecraft:obsidian":113,"simplyswords:diamond_cutlass":34,"minecraft:stone_bricks":303,"minecraft:red_carpet":8,"minecraft:magma_block":2,"apotheosis:salvaging_table":1,"bygonenether:cobbled_blackstone":53,"minecraft:diamond_boots":2,"relics:researching_table":3,"minecraft:stone_pickaxe":67,"minecraft:jungle_fence":1,"minecraft:oak_planks":307,"minecraft:ender_pearl":1,"minecraft:diamond_axe":480,"mcsa:golden_goliath_circuitry_chestplate":1,"minecraft:crossbow":7,"minecraft:cobbled_deepslate_stairs":1,"waystones:waystone":2,"minecraft:string":3,"minecraft:bread":42,"cisco_mod:fell_king_armor_chestplate":2,"minecraft:gravel":18,"minecraft:coarse_dirt":2,"minecraft:experience_bottle":72,"minecraft:trident":12,"byg:firecracker_flower_bush":1,"minecraft:flint_and_steel":2,"minecraft:spruce_planks":18,"minecraft:oak_door":9,"gateways:gate_pearl":1,"minecraft:dirt":135,"ironchest:diamond_chest":11,"minecraft:hopper":4,"cisco_mod:slumbering_equillibrium":5300,"minecraft:diamond_helmet":2,"minecraft:granite":4,"twilightforest:fiery_pickaxe":389,"minecraft:bookshelf":11,"minecraft:oak_stairs":117,"minecraft:cooked_beef":8,"forbidden_arcanus:zombie_arm":3,"minecraft:enchanted_golden_apple":7,"simplyswords:diamond_katana":795,"minecraft:red_nether_bricks":2,"minecraft:cut_sandstone":2,"minecraft:cobblestone_slab":22,"minecraft:magenta_carpet":1,"minecraft:book":3,"endrem:rogue_eye":3,"minecraft:cracked_polished_blackstone_bricks":18,"minecraft:jungle_stairs":2,"minecraft:budding_amethyst":2,"byg:soapstone":7,"irons_spellbooks:scroll_forge":2,"minecraft:stone_axe":8,"minecraft:end_crystal":2,"minecraft:bucket":104,"minecraft:yellow_bed":1},"minecraft:dropped":{"minecraft:iron_sword":1,"undead_unleashed:grave_metal_chestplate":1,"minecraft:cooked_beef":1,"minecraft:glass_bottle":10,"minecraft:diamond":9,"enigmaticlegacy:unholy_grail":1,"minecraft:mossy_stone_brick_stairs":5,"iter_rpg:magmanum_chunk":1,"minecraft:cracked_stone_bricks":5,"minecraft:saddle":1,"undead_unleashed:grave_metal_scrap":25,"minecraft:leather_helmet":3,"nethersdelight:hoglin_loin":14,"minecraft:gold_block":1,"twigs:pebble":3,"minecraft:dirt":91,"minecraft:stone_button":1,"apotheosis:sigil_of_socketing":1,"minecraft:chain":2,"minecraft:wooden_sword":1,"minecraft:sand":6,"alexsmobs:tendon_whip":1,"minecraft:iron_pickaxe":1,"apotheosis:scrap_tome":3,"minecraft:end_crystal":1,"quark:ancient_tome":1,"minecraft:bone":114,"minecraft:oak_door":1,"enigmaticlegacy:eye_of_nebula":1,"apotheosis:mythic_material":2,"minecraft:iron_nugget":6,"minecraft:polished_andesite_slab":2,"minecraft:golden_chestplate":1,"minecraft:cobbled_deepslate":70,"immersive_armors:wooden_boots":1,"minecraft:rotten_flesh":142,"minecraft:oak_planks":25,"minecraft:blaze_powder":3,"minecraft:nether_brick_fence":2,"enigmaticlegacy:earth_heart":1,"cisco_mod:brightsteel_ingot":1,"supplementaries:flax_seeds":3,"minecraft:tipped_arrow":23,"forbidden_arcanus:zombie_arm":1,"ringsofascension:ring_night_vision":1,"minecraft:quartz_block":6,"apotheosis:gem":19,"minecraft:leather_boots":5,"farmersdelight:bacon_and_eggs":16,"minecraft:leather_leggings":7,"iter_rpg:spider_silk":5,"minecraft:glass":64,"minecraft:crying_obsidian":2,"minecraft:ghast_tear":1,"minecraft:stone_brick_stairs":2,"minecraft:acacia_fence":1,"iter_rpg:demonbone":7,"minecraft:enchanted_book":6,"minecraft:iron_ingot":20,"minecraft:wheat_seeds":3,"minecraft:dripstone_block":21,"minecraft:cobblestone":219,"minecraft:book":6,"enigmaticlegacy:golem_heart":5,"relics:midnight_robe":1,"minecraft:apple":2,"minecraft:chainmail_helmet":2,"minecraft:coal":10,"minecraft:coal_block":8,"minecraft:golden_apple":22,"minecraft:polished_andesite":16,"minecraft:lava_bucket":2,"minecraft:rose_bush":1,"minecraft:diamond_helmet":1,"delightful:acorn":1,"minecraft:green_glazed_terracotta":4,"minecraft:white_banner":1,"minecraft:iron_shovel":2,"minecraft:chainmail_leggings":1,"minecraft:paper":100,"minecraft:string":43,"ars_nouveau:caster_tome":7,"enigmaticlegacy:withered_tome":26,"minecraft:bricks":4,"twilightforest:fiery_pickaxe":1,"minecraft:stone_sword":5,"minecraft:chicken":2,"iter_rpg:spider_silk_block":3,"minecraft:iron_boots":1,"minecraft:white_terracotta":14,"minecraft:nether_bricks":9,"minecraft:polished_deepslate_stairs":6,"enigmaticlegacy:extradimensional_eye":1,"minecraft:diamond_sword":3,"minecraft:cobblestone_slab":2,"minecraft:cyan_wool":3,"minecraft:spruce_planks":37,"minecraft:diamond_pickaxe":1,"iter_rpg:silky_hivestone":3,"minecraft:stone_bricks":45,"minecraft:spider_eye":9,"minecraft:sandstone":1,"irons_spellbooks:iron_spell_book":2,"minecraft:bow":1,"minecraft:red_sand":1,"ars_elemental:fire_caster_tome":1,"easy_villagers:trader":1,"minecraft:cyan_concrete_powder":1,"minecraft:nether_brick_stairs":2,"apotheosis:gem_dust":46,"iter_rpg:hivestone":4,"minecraft:soul_sand":1,"minecraft:candle":7,"minecraft:birch_planks":15,"minecraft:diamond_axe":2,"minecraft:oak_log":6,"iter_rpg:cracked_grimstone_bricks":4,"minecraft:leather":5,"minecraft:polished_blackstone_brick_wall":2,"minecraft:flint":1,"minecraft:cracked_polished_blackstone_bricks":13,"minecraft:netherite_scrap":6,"immersive_armors:wooden_leggings":1,"minecraft:cut_sandstone":3,"majruszsdifficulty:tattered_boots":1,"minecraft:gilded_blackstone":3,"iter_rpg:chiseled_grimstone_bricks":1,"minecraft:pumpkin_pie":12,"minecraft:amethyst_shard":30,"minecraft:polished_blackstone_bricks":14,"immersive_armors:wooden_chestplate":1,"twigs:twig":13,"minecraft:gold_ingot":25,"ringsofascension:ring_wither":1,"minecraft:gravel":2,"easy_villagers:breeder":1,"minecraft:blackstone":1,"minecraft:pointed_dripstone":6,"alexsmobs:rocky_chestplate":1,"enigmaticlegacy:tattered_tome":46,"iter_rpg:spawner_fragment":5,"iter_rpg:cracked_hivestone":2,"minecraft:carrot":14,"minecraft:chainmail_chestplate":1,"iter_rpg:abyssquartz_shard":10,"minecraft:leather_chestplate":4,"supplementaries:ash":5,"iter_rpg:polished_grimstone":11,"minecraft:gunpowder":17,"minecraft:chest":1,"minecraft:chainmail_boots":4,"minecraft:iron_bars":18,"minecraft:arrow":91,"minecraft:scaffolding":1,"minecraft:quartz":2,"minecraft:netherrack":314,"minecraft:enchanting_table":6,"minecraft:bread":79,"minecraft:mossy_cobblestone":165,"majruszsaccessories:adventurer_kit":1,"minecraft:bookshelf":5,"enigmaticlegacy:void_stone":1,"minecraft:diamond_leggings":2,"twigs:silt_brick":12,"minecraft:nether_brick_wall":2,"enigmaticlegacy:corrupted_tome":11,"minecraft:stick":4,"alexsmobs:roadrunner_boots":1,"irons_spellbooks:scroll":7,"minecraft:iron_block":1,"iter_rpg:grimstone_bricks":6,"minecraft:diorite":7,"byg:soapstone":10,"minecraft:nether_wart_block":3,"alexsmobs:dropbear_claw":4,"cisco_mod:slumbering_equillibrium":4,"forbidden_arcanus:spawner_scrap":13,"minecraft:iron_leggings":4,"minecraft:polished_blackstone_brick_slab":8,"iter_rpg:polished_grimstone_wall":4,"minecraft:polished_andesite_stairs":1,"irons_spellbooks:frozen_bone":21,"minecraft:bucket":1,"minecraft:redstone_block":1,"minecraft:redstone":4,"minecraft:nether_brick_slab":6,"iter_rpg:grimstone":30,"minecraft:anvil":1,"byg:ebony_sapling":2,"majruszsaccessories:tool_scraps":2,"minecraft:stripped_oak_log":1,"minecraft:ender_eye":1,"alexsmobs:bear_fur":1,"minecraft:shield":4,"minecraft:diamond_chestplate":4,"minecraft:iron_chestplate":1,"cisco_mod:champion_coin":13,"minecraft:mossy_stone_bricks":11,"enigmaticlegacy:monster_charm":1,"minecraft:golden_leggings":1,"minecraft:oak_sapling":1,"easy_villagers:incubator":1,"minecraft:diamond_boots":3,"immersive_armors:wooden_helmet":1,"enigmaticlegacy:angel_blessing":1},"minecraft:crafted":{"minecraft:smooth_stone":0,"minecraft:blaze_powder":6,"minecraft:chain":11,"ironfurnaces:iron_furnace":9,"minecraft:bookshelf":11,"minecraft:glass":0,"minecraft:diamond_helmet":1,"minecraft:diamond_leggings":1,"minecraft:emerald":9,"minecraft:smithing_table":2,"minecraft:campfire":6,"cisco_mod:brightsteel_ingot":0,"cisco_mod:raw_brightsteel":14,"minecraft:iron_pickaxe":2,"minecraft:iron_block":10,"minecraft:gold_ingot":18,"minecraft:iron_nugget":27,"minecraft:diamond_boots":1,"ironchest:gold_chest":17,"sophisticatedbackpacks:gold_backpack":1,"minecraft:soul_lantern":1,"minecraft:oak_stairs":12,"minecraft:iron_shovel":1,"minecraft:iron_leggings":21,"minecraft:oak_planks":452,"minecraft:cobblestone_slab":18,"cisco_mod:darksteel":4,"minecraft:ender_eye":1,"minecraft:crafting_table":1,"minecraft:spruce_planks":48,"minecraft:iron_helmet":1,"minecraft:gold_block":10,"minecraft:birch_planks":28,"cisco_mod:slumbering_equillibrium":3,"ironchest:diamond_chest":15,"minecraft:iron_chestplate":8,"minecraft:paper":133,"sophisticatedbackpacks:diamond_backpack":1,"minecraft:stick":28,"minecraft:iron_ingot":18,"minecraft:oak_door":3,"ironfurnaces:gold_furnace":9,"minecraft:netherite_sword":1,"minecraft:furnace":9,"minecraft:glass_pane":16,"minecraft:polished_deepslate":8,"minecraft:netherite_scrap":4,"minecraft:diamond_sword":1,"minecraft:bucket":2,"minecraft:air":0,"woodworks:oak_chest":16,"minecraft:anvil":13,"apotheosis:scrap_tome":80,"ironchest:iron_chest":17,"minecraft:diamond_chestplate":1},"minecraft:killed_by":{"minecraft:vindicator":3,"minecraft:zombie":10,"majruszsdifficulty:cursed_armor":10,"enemyexpansion:invisicreeper":2,"minecraft:husk":3,"iter_rpg:weeper":2,"minecraft:shulker":1,"minecraft:wither":4,"minecraft:wither_skeleton":2,"minecraft:silverfish":3,"minecraft:cave_spider":7,"minecraft:player":13,"minecraft:iron_golem":1,"irons_spellbooks:dead_king":12,"minecraft:skeleton":11,"irons_spellbooks:archevoker":1,"mowziesmobs:foliaath":1},"minecraft:custom":{"minecraft:interact_with_crafting_table":121,"minecraft:open_barrel":2,"minecraft:bell_ring":7,"minecraft:eat_cake_slice":2,"minecraft:leave_game":14,"minecraft:time_since_death":181776,"minecraft:play_time":2116254,"minecraft:deaths":96,"minecraft:jump":8307,"minecraft:enchant_item":51,"minecraft:interact_with_furnace":36,"minecraft:sleep_in_bed":2,"minecraft:waystone_activated":8,"minecraft:damage_dealt":1979569,"minecraft:inspect_dispenser":4,"minecraft:horse_one_cm":1204,"minecraft:interact_with_smithing_table":43,"minecraft:interact_with_anvil":127,"minecraft:inspect_hopper":4,"minecraft:damage_dealt_absorbed":2528,"minecraft:sneak_time":147052,"minecraft:total_world_time":2116254,"enigmaticlegacy:play_time_without_seven_curses":2795201,"minecraft:time_since_rest":182099,"minecraft:swim_one_cm":33106,"minecraft:fly_one_cm":1683748,"minecraft:open_chest":319,"minecraft:fall_one_cm":288127,"enigmaticlegacy:play_time_with_seven_curses":0,"lootr:looted_stat":582,"minecraft:damage_resisted":1428,"minecraft:sprint_one_cm":2015022,"minecraft:drop":598,"minecraft:talked_to_villager":10,"minecraft:walk_on_water_one_cm":203904,"minecraft:interact_with_loom":2,"minecraft:player_kills":16,"minecraft:crouch_one_cm":392617,"minecraft:mob_kills":2079,"minecraft:damage_dealt_resisted":54995,"minecraft:climb_one_cm":40685,"minecraft:walk_one_cm":5476293,"minecraft:walk_under_water_one_cm":25304,"minecraft:interact_with_grindstone":1,"minecraft:damage_taken":106945,"minecraft:damage_absorbed":3331,"minecraft:aviate_one_cm":1212191},"minecraft:killed":{"minecraft:cave_spider":54,"irons_spellbooks:summoned_polar_bear":12,"minecraft:shulker":1,"minecraft:skeleton":298,"alexsmobs:capuchin_monkey":2,"minecraft:chicken":2,"iter_rpg:weeper":11,"alexsmobs:laviathan":1,"savage_and_ravage:creepie":6,"mowziesmobs:foliaath":1,"minecraft:skeleton_horse":1,"enemyexpansion:vampflyer":3,"minecraft:magma_cube":67,"enemyexpansion:tarantula":1,"majruszsdifficulty:tank":3,"minecraft:iron_golem":1,"iter_rpg:aura_tearburst":1,"minecraft:pillager":12,"enemyexpansion:meature":1,"irons_spellbooks:summoned_vex":2,"minecraft:zombie":235,"enemyexpansion:vampire":1,"iter_rpg:mournstone":3,"enemyexpansion:botfly":71,"whisperwoods:moth":4,"iter_rpg:griever":3,"minecraft:vindicator":2,"enemyexpansion:goblin_fear":7,"enemyexpansion:faller":1,"goblintraders:goblin_trader":1,"iter_rpg:hobgoblin":6,"enemyexpansion:scorpion":1,"iter_rpg:water_elemental":1,"minecraft:husk":61,"iter_rpg:peeper":3,"minecraft:wandering_trader":1,"enemyexpansion:sprinter":4,"majruszsdifficulty:cursed_armor":196,"alexsmobs:rhinoceros":1,"iter_rpg:goblin_warrior":17,"iter_rpg:giant_spider":2,"minecraft:enderman":2,"iter_rpg:goblin":12,"minecraft:zombified_piglin":1,"minecraft:witch":2,"minecraft:spider":59,"quark:forgotten":2,"minecraft:silverfish":36,"ars_nouveau:summon_horse":1,"irons_spellbooks:summoned_skeleton":5,"minecraft:piglin_brute":6,"minecraft:piglin":21,"minecraft:pig":9,"alexsmobs:grizzly_bear":1,"ars_nouveau:gift_starby":1,"iter_rpg:aura_mobspawn":1,"minecraft:zombie_villager":1,"iter_rpg:spiderling":67,"irons_spellbooks:necromancer":2,"minecraft:creeper":24,"alexsmobs:warped_toad":1,"minecraft:sheep":1,"minecraft:trader_llama":2,"undead_unleashed:shadewraith":2,"minecraft:stray":427,"minecraft:ghast":2,"alexsmobs:fly":3,"undead_unleashed:haunter":65,"minecraft:blaze":33,"irons_spellbooks:summoned_zombie":10,"enemyexpansion:intruder":1,"enemyexpansion:direwolf":7,"minecraft:phantom":9,"twilightforest:fire_beetle":1,"aquaculture:brown_trout":1,"majruszsdifficulty:cerberus":1,"enemyexpansion:goblin":6,"whisperwoods:hidebehind":1,"aquamirae:maw":1,"quark:foxhound":1,"minecraft:bat":2,"minecraft:hoglin":27,"minecraft:squid":1,"enemyexpansion:crawler":3,"alexsmobs:cockroach":3,"minecraft:wither_skeleton":51,"minecraft:villager":2,"enemyexpansion:slugger":2}},"DataVersion":3120}