{"stats":{"minecraft:used":{"minecraft:trident":12,"minecraft:chest":1,"minecraft:iron_sword":170,"lootr:trophy":1,"minecraft:dirt":1,"minecraft:hopper":4,"minecraft:diamond_helmet":1,"majruszsdifficulty:golden_bandage":1,"minecraft:lava_bucket":10,"minecraft:iron_axe":7,"minecraft:birch_sapling":2,"simplyswords:diamond_cutlass":34,"minecraft:stone_bricks":70,"minecraft:stone_brick_stairs":1,"minecraft:bow":15,"minecraft:cooked_beef":8,"minecraft:cobbled_deepslate":1,"minecraft:mossy_stone_bricks":58,"minecraft:diorite":3,"minecraft:birch_planks":4,"minecraft:stone_pickaxe":67,"minecraft:jungle_fence":1,"minecraft:oak_planks":7,"minecraft:diamond_axe":28,"minecraft:cracked_stone_bricks":2,"minecraft:golden_apple":1,"minecraft:mossy_cobblestone":79,"supplementaries:bomb":5,"minecraft:crafting_table":1,"minecraft:crossbow":7,"minecraft:magenta_carpet":1,"minecraft:diamond_pickaxe":2030,"minecraft:bread":42,"minecraft:iron_pickaxe":283,"minecraft:gravel":1,"byg:soapstone":4,"minecraft:stone_axe":8,"minecraft:diamond_sword":872,"minecraft:potion":1,"minecraft:cobblestone":64,"minecraft:bucket":10,"minecraft:yellow_bed":1,"minecraft:coarse_dirt":2,"minecraft:experience_bottle":2},"minecraft:killed_by":{"minecraft:player":1,"minecraft:vindicator":3,"minecraft:shulker":1,"minecraft:silverfish":3,"minecraft:cave_spider":7,"minecraft:skeleton":1,"minecraft:zombie":3,"irons_spellbooks:archevoker":1,"majruszsdifficulty:cursed_armor":2,"enemyexpansion:invisicreeper":1},"minecraft:mined":{"minecraft:blue_carpet":1,"minecraft:red_carpet":1,"minecraft:tuff":69,"minecraft:mossy_cobblestone":39,"minecraft:deepslate_diamond_ore":4,"minecraft:candle":1,"minecraft:mossy_stone_brick_slab":1,"iter_rpg:weaved_hivestone":9,"iter_rpg:crumbling_hivestone":2,"minecraft:jungle_leaves":4,"minecraft:dark_oak_log":1,"iter_rpg:cracked_hivestone":12,"minecraft:nether_bricks":9,"minecraft:granite":14,"minecraft:dark_oak_fence":6,"minecraft:grass_block":5,"minecraft:jungle_planks":1,"iter_rpg:hivestone_wall":12,"iter_rpg:big_vase":1,"minecraft:chiseled_stone_bricks":3,"minecraft:spawner":30,"iter_rpg:infested_hivestone":9,"iter_rpg:spider_silk_block":2,"minecraft:mossy_cobblestone_stairs":5,"iter_rpg:small_vase":2,"minecraft:iron_ore":3,"minecraft:andesite":130,"minecraft:mossy_stone_brick_stairs":6,"minecraft:bookshelf":2,"minecraft:pointed_dripstone":1,"minecraft:vine":37,"minecraft:deepslate_iron_ore":4,"minecraft:iron_bars":16,"minecraft:packed_ice":14,"minecraft:stone":815,"minecraft:jungle_fence_gate":1,"lootr:lootr_barrel":1,"minecraft:quartz_block":1,"minecraft:polished_granite":4,"minecraft:oak_fence":1,"iter_rpg:vase":2,"iter_rpg:cut_hivestone":16,"galosphere:silver_ore":1,"minecraft:cobblestone":15,"minecraft:copper_ore":8,"minecraft:bricks":7,"minecraft:oak_planks":1,"iter_rpg:hivestone":53,"minecraft:diorite":47,"minecraft:birch_planks":3,"byg:soapstone":61,"forbidden_arcanus:darkstone":4,"minecraft:dark_oak_slab":2,"minecraft:birch_log":21,"minecraft:blue_ice":158,"iter_rpg:hivestone_stairs":6,"iter_rpg:silky_hivestone":19,"minecraft:birch_leaves":1,"minecraft:jungle_fence":1,"minecraft:tnt":2,"minecraft:stone_brick_stairs":9,"minecraft:yellow_bed":2,"minecraft:grass":7,"minecraft:coal_ore":30,"iter_rpg:spider_egg":8,"minecraft:gravel":4,"minecraft:dripstone_block":30,"minecraft:dirt":61,"minecraft:cobweb":60,"minecraft:cracked_stone_bricks":29,"twigs:rhyolite":48,"minecraft:stone_bricks":63,"minecraft:netherrack":2,"minecraft:mossy_stone_bricks":48,"minecraft:oak_leaves":2,"minecraft:deepslate":431},"minecraft:crafted":{"minecraft:iron_nugget":18,"minecraft:chain":11,"minecraft:birch_planks":28,"minecraft:stick":4,"minecraft:iron_pickaxe":1},"minecraft:broken":{"minecraft:diamond_helmet":2,"minecraft:diamond_leggings":1,"mcsa:golden_goliath_circuitry_chestplate":1},"minecraft:dropped":{"minecraft:bread":16,"iter_rpg:hivestone":4,"minecraft:iron_ingot":16,"minecraft:diamond_axe":1,"minecraft:cooked_beef":1,"minecraft:glass_bottle":3,"minecraft:mossy_cobblestone":130,"minecraft:dripstone_block":13,"minecraft:cobblestone":31,"enigmaticlegacy:golem_heart":4,"relics:midnight_robe":1,"enigmaticlegacy:corrupted_tome":2,"undead_unleashed:grave_metal_scrap":16,"minecraft:golden_apple":22,"minecraft:lava_bucket":2,"irons_spellbooks:scroll":1,"minecraft:dirt":5,"minecraft:diorite":7,"immersive_armors:wooden_leggings":1,"byg:soapstone":2,"forbidden_arcanus:spawner_scrap":2,"minecraft:wooden_sword":1,"minecraft:pumpkin_pie":12,"immersive_armors:wooden_chestplate":1,"minecraft:string":24,"twigs:twig":2,"minecraft:gold_ingot":24,"minecraft:bone":65,"minecraft:bricks":4,"minecraft:iron_nugget":5,"minecraft:cobbled_deepslate":18,"minecraft:stone_sword":2,"majruszsaccessories:tool_scraps":2,"immersive_armors:wooden_boots":1,"minecraft:chicken":1,"minecraft:rotten_flesh":21,"iter_rpg:spider_silk_block":3,"minecraft:oak_planks":21,"enigmaticlegacy:tattered_tome":10,"minecraft:iron_boots":1,"iter_rpg:spawner_fragment":2,"minecraft:nether_bricks":8,"iter_rpg:cracked_hivestone":2,"alexsmobs:bear_fur":1,"minecraft:carrot":8,"enigmaticlegacy:extradimensional_eye":1,"minecraft:diamond_sword":1,"iter_rpg:silky_hivestone":3,"minecraft:shield":2,"minecraft:gunpowder":2,"minecraft:golden_leggings":1,"minecraft:diamond_chestplate":4,"minecraft:mossy_stone_bricks":1,"minecraft:leather_boots":1,"minecraft:iron_chestplate":1,"cisco_mod:champion_coin":3,"apotheosis:gem":6,"minecraft:leather_leggings":3,"iter_rpg:spider_silk":5,"minecraft:stone_bricks":32,"minecraft:spider_eye":5,"minecraft:iron_bars":2,"irons_spellbooks:iron_spell_book":2,"minecraft:arrow":2,"minecraft:bow":1,"minecraft:scaffolding":1,"minecraft:netherrack":1,"immersive_armors:wooden_helmet":1},"minecraft:picked_up":{"iter_rpg:spawner_fragment":4,"minecraft:iron_chestplate":2,"minecraft:coarse_dirt":2,"byg:soapstone":6,"minecraft:chicken":1,"minecraft:lead":1,"minecraft:leather_leggings":3,"cisco_mod:divine_core":1,"minecraft:magenta_carpet":1,"minecraft:diamond_sword":1,"minecraft:oak_stairs":4,"minecraft:enchanted_book":1,"enigmaticlegacy:tattered_tome":7,"minecraft:stone_brick_stairs":4,"minecraft:shield":3,"apotheosis:epic_material":3,"minecraft:string":65,"minecraft:netherite_scrap":2,"minecraft:iron_leggings":1,"minecraft:experience_bottle":2,"minecraft:cracked_stone_bricks":12,"minecraft:cobbled_deepslate":19,"supplementaries:cage":1,"minecraft:birch_sapling":3,"minecraft:iron_boots":1,"minecraft:golden_helmet":1,"apotheosis:gem":22,"minecraft:diorite":12,"gateways:gate_pearl":1,"minecraft:blue_carpet":1,"minecraft:stone_sword":3,"minecraft:arrow":24,"minecraft:diamond_chestplate":5,"minecraft:rotten_flesh":30,"minecraft:pumpkin_pie":40,"minecraft:nether_bricks":8,"minecraft:iron_block":1,"minecraft:gold_ingot":10,"supplementaries:ash":1,"minecraft:iron_bars":14,"cisco_mod:champion_coin":4,"forbidden_arcanus:spawner_scrap":10,"minecraft:cobblestone":93,"minecraft:birch_log":21,"majruszsaccessories:tool_scraps":2,"minecraft:leather_chestplate":2,"minecraft:leather":32,"minecraft:golden_leggings":2,"minecraft:jungle_fence":1,"alexsmobs:bear_fur":1,"minecraft:birch_planks":3,"enigmaticlegacy:golem_heart":4,"iter_rpg:spider_silk_block":5,"minecraft:yellow_bed":2,"minecraft:wither_skeleton_skull":3,"minecraft:gunpowder":4,"minecraft:dirt":18,"lootr:trophy":1,"minecraft:white_banner":1,"minecraft:polished_granite":5,"minecraft:leather_boots":1,"minecraft:bone":76,"irons_spellbooks:iron_spell_book":1,"minecraft:stone_bricks":60,"minecraft:bow":1,"minecraft:wheat_seeds":1,"alexsmobs:cockroach_wing_fragment":1,"minecraft:iron_ingot":8,"minecraft:mossy_stone_bricks":19,"relics:infinity_ham":1,"minecraft:diamond_helmet":2,"minecraft:glass_bottle":2,"twigs:twig":2,"apotheosis:gem_dust":2,"minecraft:oak_planks":1,"minecraft:iron_sword":1,"minecraft:mossy_stone_brick_stairs":2,"iter_rpg:silky_hivestone":10,"minecraft:book":3,"minecraft:scaffolding":1,"iter_rpg:cracked_hivestone":2,"patchouli:guide_book":3,"iter_rpg:spider_silk":7,"minecraft:lava_bucket":2,"minecraft:gravel":4,"minecraft:dripstone_block":34,"undead_unleashed:grave_metal_scrap":31,"iter_rpg:hivestone":9,"minecraft:mossy_cobblestone":73,"minecraft:spider_eye":14,"minecraft:diamond":3,"waystones:waystone":1,"minecraft:chainmail_leggings":2,"minecraft:diamond_axe":2,"minecraft:mossy_cobblestone_stairs":2,"undead_unleashed:grave_metal_axe":1,"minecraft:bread":16,"iter_rpg:hivestone_stairs":1,"minecraft:netherrack":1,"minecraft:coal":24,"minecraft:bricks":7,"cisco_mod:brightsteel_ingot":2},"minecraft:custom":{"enigmaticlegacy:play_time_with_seven_curses":0,"lootr:looted_stat":116,"minecraft:mob_kills":309,"minecraft:inspect_hopper":4,"minecraft:interact_with_crafting_table":10,"minecraft:open_barrel":2,"minecraft:bell_ring":7,"minecraft:damage_dealt_resisted":8368,"minecraft:eat_cake_slice":2,"minecraft:time_since_death":21825,"minecraft:leave_game":3,"minecraft:climb_one_cm":9177,"minecraft:damage_resisted":8,"minecraft:sprint_one_cm":304546,"minecraft:walk_one_cm":749125,"minecraft:drop":143,"minecraft:damage_dealt_absorbed":203,"minecraft:talked_to_villager":7,"minecraft:play_time":328982,"minecraft:sneak_time":17919,"minecraft:deaths":25,"minecraft:walk_under_water_one_cm":7588,"minecraft:jump":1437,"minecraft:walk_on_water_one_cm":40102,"minecraft:total_world_time":328982,"minecraft:interact_with_furnace":1,"enigmaticlegacy:play_time_without_seven_curses":1011234,"minecraft:sleep_in_bed":1,"minecraft:time_since_rest":21859,"minecraft:waystone_activated":1,"minecraft:damage_taken":17898,"minecraft:damage_absorbed":489,"minecraft:damage_dealt":68180,"minecraft:player_kills":6,"minecraft:fly_one_cm":515934,"minecraft:swim_one_cm":7382,"minecraft:open_chest":1,"minecraft:crouch_one_cm":31472,"minecraft:aviate_one_cm":120252,"minecraft:fall_one_cm":42423},"minecraft:killed":{"minecraft:cave_spider":29,"minecraft:vindicator":1,"minecraft:spider":17,"irons_spellbooks:summoned_polar_bear":1,"enemyexpansion:direwolf":2,"enemyexpansion:goblin_fear":3,"minecraft:shulker":1,"minecraft:phantom":1,"minecraft:skeleton":21,"minecraft:chicken":1,"alexsmobs:capuchin_monkey":2,"minecraft:silverfish":31,"savage_and_ravage:creepie":1,"enemyexpansion:goblin":1,"whisperwoods:hidebehind":1,"minecraft:husk":1,"alexsmobs:grizzly_bear":1,"enemyexpansion:tarantula":1,"iter_rpg:peeper":3,"iter_rpg:spiderling":59,"enemyexpansion:sprinter":1,"majruszsdifficulty:cursed_armor":42,"minecraft:creeper":7,"enemyexpansion:crawler":2,"minecraft:trader_llama":1,"minecraft:pillager":1,"irons_spellbooks:summoned_vex":1,"alexsmobs:cockroach":1,"minecraft:zombie":32,"enemyexpansion:botfly":15,"minecraft:stray":3,"iter_rpg:giant_spider":1,"undead_unleashed:haunter":3,"minecraft:wither_skeleton":7,"minecraft:enderman":2}},"DataVersion":3120}