{"stats":{"minecraft:used":{"byg:raw_quartz_block":1,"minecraft:chest":2,"lootr:trophy":1,"simplyswords:diamond_twinblade":1,"ironchest:iron_chest":1,"majruszsdifficulty:golden_bandage":10,"ars_nouveau:amethyst_golem_charm":1,"minecraft:lava_bucket":29,"minecraft:birch_sapling":2,"minecraft:stone_brick_stairs":1,"iter_rpg:grimstone":2,"minecraft:bow":15,"minecraft:yellow_glazed_terracotta":13,"minecraft:oak_sapling":9,"minecraft:lime_glazed_terracotta":10,"minecraft:mossy_stone_bricks":74,"minecraft:diorite":3,"minecraft:golden_apple":19,"minecraft:sand":7,"mcsa:prismarine_soldier_chestplate":1,"minecraft:diamond_sword":1206,"globalxp:xp_block":1,"minecraft:smithing_table":1,"forbidden_arcanus:reinforced_deorum_sword":3,"ironfurnaces:gold_furnace":17,"minecraft:polished_blackstone_brick_slab":1,"minecraft:iron_bars":2,"minecraft:netherrack":7,"minecraft:green_glazed_terracotta":2,"minecraft:nether_brick_slab":1,"minecraft:iron_axe":29,"enigmaticlegacy:unholy_grail":1,"minecraft:smooth_basalt":2,"minecraft:cobbled_deepslate":56,"minecraft:golden_axe":5,"minecraft:birch_planks":5,"minecraft:cracked_stone_bricks":9,"minecraft:polished_blackstone_bricks":19,"minecraft:gilded_blackstone":2,"minecraft:mossy_cobblestone":80,"minecraft:tnt":2,"minecraft:crafting_table":3,"supplementaries:bomb":5,"minecraft:diamond_pickaxe":7147,"majruszsdifficulty:undead_army_treasure_bag":1,"minecraft:iron_pickaxe":289,"minecraft:cobblestone":84,"minecraft:potion":6,"minecraft:glass_pane":5,"minecraft:stripped_oak_log":4,"minecraft:diamond_leggings":2,"minecraft:iron_shovel":103,"minecraft:iron_sword":238,"endrem:cursed_eye":1,"minecraft:nether_bricks":6,"minecraft:carrot":1,"simplyswords:diamond_cutlass":34,"minecraft:stone_bricks":254,"minecraft:magma_block":2,"bygonenether:cobbled_blackstone":53,"minecraft:diamond_boots":1,"relics:researching_table":3,"minecraft:stone_pickaxe":67,"minecraft:jungle_fence":1,"minecraft:oak_planks":76,"minecraft:ender_pearl":1,"minecraft:diamond_axe":91,"minecraft:crossbow":7,"minecraft:bread":42,"minecraft:string":3,"minecraft:gravel":18,"minecraft:coarse_dirt":2,"minecraft:experience_bottle":19,"minecraft:trident":12,"byg:firecracker_flower_bush":1,"gateways:gate_pearl":1,"minecraft:dirt":1,"ironchest:diamond_chest":11,"minecraft:hopper":4,"cisco_mod:slumbering_equillibrium":618,"minecraft:diamond_helmet":2,"minecraft:granite":4,"twilightforest:fiery_pickaxe":312,"minecraft:oak_stairs":2,"minecraft:cooked_beef":8,"forbidden_arcanus:zombie_arm":3,"minecraft:enchanted_golden_apple":4,"simplyswords:diamond_katana":587,"minecraft:red_nether_bricks":2,"minecraft:cut_sandstone":2,"minecraft:magenta_carpet":1,"minecraft:book":3,"endrem:rogue_eye":3,"minecraft:cracked_polished_blackstone_bricks":18,"minecraft:jungle_stairs":2,"byg:soapstone":7,"minecraft:budding_amethyst":2,"minecraft:stone_axe":8,"irons_spellbooks:scroll_forge":2,"minecraft:bucket":29,"minecraft:yellow_bed":1},"minecraft:killed_by":{"minecraft:vindicator":3,"minecraft:zombie":4,"majruszsdifficulty:cursed_armor":4,"enemyexpansion:invisicreeper":1,"minecraft:husk":3,"iter_rpg:weeper":2,"minecraft:shulker":1,"minecraft:wither":4,"minecraft:silverfish":3,"minecraft:cave_spider":7,"minecraft:player":13,"irons_spellbooks:dead_king":12,"minecraft:skeleton":5,"irons_spellbooks:archevoker":1,"mowziesmobs:foliaath":1},"minecraft:mined":{"minecraft:blue_carpet":1,"minecraft:jungle_leaves":4,"minecraft:red_nether_bricks":16,"minecraft:obsidian":22,"minecraft:granite":120,"minecraft:acacia_log":1,"minecraft:yellow_carpet":1,"iter_rpg:grimstone_bricks_wall":5,"iter_rpg:cracked_grimstone_bricks":2,"iter_rpg:hivestone_wall":12,"minecraft:nether_wart":3,"minecraft:chiseled_stone_bricks":4,"minecraft:spawner":64,"iter_rpg:infested_hivestone":9,"minecraft:polished_blackstone_bricks":128,"minecraft:weeping_vines_plant":1,"minecraft:magma_block":10,"minecraft:mossy_cobblestone_stairs":8,"minecraft:cobbled_deepslate":13,"minecraft:fire":21,"byg:quartzite_sand":114,"minecraft:nether_brick_stairs":3,"minecraft:polished_deepslate_slab":17,"minecraft:oak_stairs":9,"minecraft:deepslate_brick_stairs":6,"savage_and_ravage:spore_bomb":1,"minecraft:white_banner":1,"minecraft:cut_sandstone":12,"minecraft:red_bed":1,"minecraft:soul_fire":4,"minecraft:polished_andesite_stairs":1,"minecraft:dead_bush":1,"minecraft:nether_brick_slab":11,"galosphere:silver_ore":1,"minecraft:bricks":7,"iter_rpg:grimstone_bricks":6,"iter_rpg:polished_grimstone_stairs":2,"minecraft:chain":2,"byg:soapstone":108,"forbidden_arcanus:darkstone":4,"minecraft:potted_poppy":1,"minecraft:stone_brick_stairs":26,"minecraft:grass":10,"minecraft:loom":1,"minecraft:smooth_basalt":2,"twigs:rhyolite":63,"minecraft:deepslate":760,"minecraft:yellow_terracotta":38,"minecraft:mossy_cobblestone":68,"minecraft:nether_brick_wall":5,"minecraft:dark_oak_log":1,"iter_rpg:cracked_hivestone":12,"minecraft:nether_bricks":103,"minecraft:dark_oak_fence":6,"minecraft:jungle_planks":1,"byg:warped_cactus":1,"iter_rpg:spider_silk_block":2,"minecraft:andesite":141,"minecraft:green_terracotta":57,"iter_rpg:polished_grimstone":10,"minecraft:mossy_stone_brick_stairs":9,"minecraft:vine":100,"ironchest:iron_chest":1,"minecraft:redstone_block":1,"minecraft:gray_concrete":1,"minecraft:glass_pane":1,"minecraft:soul_sand":1,"lootr:lootr_barrel":1,"minecraft:stone_brick_slab":1,"minecraft:polished_blackstone_brick_wall":45,"iter_rpg:vase":2,"iter_rpg:cut_hivestone":16,"minecraft:tall_grass":1,"minecraft:copper_ore":13,"minecraft:diorite":47,"iter_rpg:hivestone_stairs":6,"minecraft:birch_leaves":1,"minecraft:jungle_fence":1,"ars_nouveau:mage_block":10,"minecraft:gravel":22,"minecraft:dripstone_block":75,"minecraft:cobweb":83,"minecraft:polished_blackstone":12,"minecraft:stone_bricks":295,"iter_rpg:grimstone":4,"minecraft:large_amethyst_bud":1,"minecraft:spruce_planks":2,"minecraft:mossy_stone_brick_slab":1,"iter_rpg:weaved_hivestone":9,"iter_rpg:crumbling_hivestone":2,"minecraft:grass_block":8,"minecraft:cracked_polished_blackstone_bricks":22,"minecraft:polished_blackstone_brick_slab":12,"minecraft:gilded_blackstone":28,"quark:blaze_lantern":1,"irons_spellbooks:scroll_forge":2,"minecraft:glowstone":20,"ironfurnaces:gold_furnace":8,"minecraft:red_nether_brick_stairs":2,"minecraft:iron_ore":3,"twigs:silt":4,"minecraft:pointed_dripstone":6,"minecraft:iron_bars":38,"iter_rpg:polished_grimstone_wall":2,"minecraft:spruce_slab":3,"minecraft:deepslate_redstone_ore":1,"minecraft:quartz_block":1,"lootr:lootr_chest":2,"minecraft:cyan_terracotta":1,"minecraft:blackstone":200,"minecraft:polished_deepslate_stairs":3,"minecraft:clay":1,"minecraft:chest":1,"byg:firecracker_flower_bush":2,"minecraft:nether_quartz_ore":58,"minecraft:cobblestone":38,"minecraft:oak_planks":32,"minecraft:iron_door":2,"minecraft:wall_torch":1,"minecraft:blue_terracotta":2,"minecraft:dark_oak_slab":2,"minecraft:birch_log":21,"bygonenether:cobbled_blackstone":1,"byg:quartz_crystal":1,"minecraft:blue_ice":265,"ironchest:diamond_chest":2,"minecraft:tnt":4,"celestisynth:solar_crystal":2,"minecraft:oak_log":32,"minecraft:lime_terracotta":66,"minecraft:sand":114,"minecraft:dirt":63,"minecraft:netherrack":2224,"minecraft:oak_leaves":15,"minecraft:emerald_block":1,"minecraft:redstone_lamp":1,"minecraft:nether_gold_ore":16,"minecraft:red_carpet":1,"minecraft:tuff":103,"minecraft:stripped_mangrove_log":2,"minecraft:deepslate_diamond_ore":4,"minecraft:candle":5,"minecraft:oak_door":1,"minecraft:ladder":1,"minecraft:polished_andesite_slab":2,"iter_rpg:big_vase":1,"minecraft:sandstone":6,"minecraft:cracked_nether_bricks":7,"iter_rpg:small_vase":2,"minecraft:gold_block":26,"minecraft:nether_brick_fence":3,"minecraft:bookshelf":9,"minecraft:deepslate_iron_ore":4,"minecraft:stripped_oak_log":13,"minecraft:packed_ice":15,"minecraft:stone":1447,"minecraft:jungle_fence_gate":1,"supplementaries:book_pile_horizontal":3,"minecraft:acacia_leaves":7,"minecraft:basalt":36,"minecraft:spruce_door":1,"relics:researching_table":3,"minecraft:polished_granite":4,"minecraft:oak_fence":1,"minecraft:blackstone_slab":2,"woodworks:oak_chest":6,"minecraft:polished_blackstone_brick_stairs":23,"iter_rpg:hivestone":53,"minecraft:spruce_stairs":1,"supplementaries:urn":8,"minecraft:birch_planks":4,"iter_rpg:giant_chain":6,"iter_rpg:silky_hivestone":19,"minecraft:yellow_bed":2,"byg:raw_quartz_block":35,"minecraft:coal_ore":34,"iter_rpg:spider_egg":8,"minecraft:lodestone":1,"minecraft:cracked_stone_bricks":131,"minecraft:polished_andesite":11,"minecraft:mossy_stone_bricks":76},"minecraft:crafted":{"minecraft:smooth_stone":0,"minecraft:blaze_powder":4,"minecraft:chain":11,"ironfurnaces:iron_furnace":9,"minecraft:glass":0,"minecraft:diamond_helmet":1,"minecraft:diamond_leggings":1,"minecraft:emerald":9,"minecraft:smithing_table":1,"cisco_mod:brightsteel_ingot":0,"cisco_mod:raw_brightsteel":14,"minecraft:iron_pickaxe":1,"minecraft:iron_block":1,"minecraft:gold_ingot":18,"minecraft:iron_nugget":18,"minecraft:diamond_boots":1,"ironchest:gold_chest":17,"sophisticatedbackpacks:gold_backpack":1,"minecraft:iron_shovel":1,"minecraft:oak_planks":132,"cisco_mod:darksteel":4,"minecraft:ender_eye":1,"minecraft:crafting_table":1,"minecraft:gold_block":10,"minecraft:birch_planks":28,"cisco_mod:slumbering_equillibrium":1,"ironchest:diamond_chest":15,"minecraft:paper":121,"sophisticatedbackpacks:diamond_backpack":1,"minecraft:stick":8,"minecraft:iron_ingot":9,"ironfurnaces:gold_furnace":9,"minecraft:netherite_sword":1,"minecraft:furnace":9,"minecraft:glass_pane":16,"minecraft:polished_deepslate":8,"minecraft:netherite_scrap":4,"minecraft:diamond_sword":1,"minecraft:air":0,"woodworks:oak_chest":16,"minecraft:diamond_chestplate":1,"ironchest:iron_chest":17},"minecraft:broken":{"minecraft:diamond_helmet":4,"mcsa:golden_goliath_leggings":1,"minecraft:iron_sword":1,"quark:forgotten_hat":1,"minecraft:diamond_leggings":1,"immersive_armors:heavy_chestplate":1,"mcsa:golden_goliath_circuitry_chestplate":1,"alexsmobs:novelty_hat":1,"mcsa:prismarine_soldier_chestplate":1},"minecraft:dropped":{"undead_unleashed:grave_metal_chestplate":1,"minecraft:cooked_beef":1,"minecraft:glass_bottle":9,"minecraft:diamond":9,"enigmaticlegacy:unholy_grail":1,"minecraft:mossy_stone_brick_stairs":4,"minecraft:cracked_stone_bricks":1,"minecraft:saddle":1,"iter_rpg:magmanum_chunk":1,"undead_unleashed:grave_metal_scrap":19,"minecraft:leather_helmet":2,"twigs:pebble":3,"minecraft:dirt":5,"apotheosis:sigil_of_socketing":1,"minecraft:chain":2,"minecraft:wooden_sword":1,"minecraft:sand":6,"alexsmobs:tendon_whip":1,"minecraft:bone":70,"quark:ancient_tome":1,"enigmaticlegacy:eye_of_nebula":1,"apotheosis:mythic_material":1,"minecraft:polished_andesite_slab":2,"minecraft:iron_nugget":6,"minecraft:golden_chestplate":1,"minecraft:cobbled_deepslate":70,"immersive_armors:wooden_boots":1,"minecraft:rotten_flesh":81,"minecraft:oak_planks":25,"minecraft:blaze_powder":3,"minecraft:nether_brick_fence":2,"enigmaticlegacy:earth_heart":1,"cisco_mod:brightsteel_ingot":1,"supplementaries:flax_seeds":3,"minecraft:tipped_arrow":12,"forbidden_arcanus:zombie_arm":1,"ringsofascension:ring_night_vision":1,"minecraft:quartz_block":4,"apotheosis:gem":14,"minecraft:leather_boots":4,"farmersdelight:bacon_and_eggs":16,"minecraft:leather_leggings":4,"iter_rpg:spider_silk":5,"minecraft:glass":64,"minecraft:crying_obsidian":2,"minecraft:ghast_tear":1,"iter_rpg:demonbone":7,"minecraft:enchanted_book":1,"minecraft:iron_ingot":16,"minecraft:wheat_seeds":3,"minecraft:dripstone_block":13,"minecraft:cobblestone":163,"minecraft:book":6,"enigmaticlegacy:golem_heart":5,"relics:midnight_robe":1,"minecraft:apple":2,"minecraft:chainmail_helmet":1,"minecraft:coal":4,"minecraft:coal_block":8,"minecraft:golden_apple":22,"minecraft:polished_andesite":10,"minecraft:lava_bucket":2,"delightful:acorn":1,"minecraft:green_glazed_terracotta":4,"minecraft:paper":100,"minecraft:string":27,"ars_nouveau:caster_tome":5,"enigmaticlegacy:withered_tome":26,"minecraft:bricks":4,"twilightforest:fiery_pickaxe":1,"minecraft:stone_sword":3,"minecraft:chicken":2,"iter_rpg:spider_silk_block":3,"minecraft:iron_boots":1,"minecraft:nether_bricks":9,"minecraft:polished_deepslate_stairs":6,"enigmaticlegacy:extradimensional_eye":1,"minecraft:diamond_sword":1,"minecraft:diamond_pickaxe":1,"iter_rpg:silky_hivestone":3,"minecraft:stone_bricks":45,"minecraft:spider_eye":5,"minecraft:sandstone":1,"irons_spellbooks:iron_spell_book":2,"minecraft:bow":1,"ars_elemental:fire_caster_tome":1,"minecraft:nether_brick_stairs":2,"apotheosis:gem_dust":3,"iter_rpg:hivestone":4,"minecraft:candle":7,"minecraft:birch_planks":15,"minecraft:diamond_axe":1,"iter_rpg:cracked_grimstone_bricks":4,"minecraft:leather":2,"minecraft:polished_blackstone_brick_wall":2,"minecraft:cracked_polished_blackstone_bricks":13,"immersive_armors:wooden_leggings":1,"minecraft:cut_sandstone":3,"minecraft:gilded_blackstone":3,"minecraft:pumpkin_pie":12,"minecraft:amethyst_shard":30,"iter_rpg:chiseled_grimstone_bricks":1,"minecraft:polished_blackstone_bricks":14,"immersive_armors:wooden_chestplate":1,"twigs:twig":4,"minecraft:gold_ingot":25,"ringsofascension:ring_wither":1,"minecraft:blackstone":1,"minecraft:pointed_dripstone":1,"alexsmobs:rocky_chestplate":1,"enigmaticlegacy:tattered_tome":34,"iter_rpg:spawner_fragment":2,"iter_rpg:cracked_hivestone":2,"minecraft:carrot":10,"iter_rpg:abyssquartz_shard":10,"minecraft:leather_chestplate":2,"supplementaries:ash":5,"iter_rpg:polished_grimstone":11,"minecraft:gunpowder":2,"minecraft:chest":1,"minecraft:chainmail_boots":1,"minecraft:iron_bars":13,"minecraft:arrow":58,"minecraft:scaffolding":1,"minecraft:quartz":2,"minecraft:netherrack":313,"minecraft:enchanting_table":6,"minecraft:bread":79,"minecraft:mossy_cobblestone":156,"minecraft:bookshelf":5,"enigmaticlegacy:void_stone":1,"minecraft:diamond_leggings":1,"twigs:silt_brick":12,"minecraft:nether_brick_wall":2,"enigmaticlegacy:corrupted_tome":8,"minecraft:stick":2,"alexsmobs:roadrunner_boots":1,"irons_spellbooks:scroll":7,"iter_rpg:grimstone_bricks":6,"minecraft:diorite":7,"byg:soapstone":10,"alexsmobs:dropbear_claw":4,"cisco_mod:slumbering_equillibrium":2,"forbidden_arcanus:spawner_scrap":8,"minecraft:polished_blackstone_brick_slab":8,"iter_rpg:polished_grimstone_wall":4,"irons_spellbooks:frozen_bone":1,"minecraft:redstone_block":1,"minecraft:redstone":4,"minecraft:nether_brick_slab":6,"iter_rpg:grimstone":30,"majruszsaccessories:tool_scraps":2,"minecraft:ender_eye":1,"alexsmobs:bear_fur":1,"minecraft:shield":3,"minecraft:diamond_chestplate":4,"minecraft:iron_chestplate":1,"cisco_mod:champion_coin":13,"minecraft:mossy_stone_bricks":10,"minecraft:golden_leggings":1,"minecraft:oak_sapling":1,"minecraft:diamond_boots":1,"immersive_armors:wooden_helmet":1,"enigmaticlegacy:angel_blessing":1},"minecraft:picked_up":{"minecraft:iron_chestplate":2,"minecraft:chainmail_boots":2,"minecraft:diamond_sword":1,"minecraft:magenta_carpet":1,"minecraft:lead":1,"minecraft:oak_stairs":6,"minecraft:wither_rose":1,"minecraft:enchanted_book":17,"minecraft:string":93,"apotheosis:epic_material":18,"minecraft:red_nether_bricks":4,"woodworks:oak_chest":6,"minecraft:diamond_leggings":7,"minecraft:cobbled_deepslate":35,"minecraft:gold_nugget":1,"iter_rpg:giant_chain":5,"bosses_of_mass_destruction:soul_star":1,"minecraft:coal_block":8,"relics:blazing_flask":2,"minecraft:golden_helmet":1,"minecraft:polished_blackstone_brick_slab":15,"apotheosis:rare_material":17,"minecraft:golden_axe":1,"ironchest:gold_chest":6,"enigmaticlegacy:withered_tome":23,"gateways:gate_pearl":1,"alexsmobs:tendon_whip":1,"minecraft:golden_chestplate":3,"enigmaticlegacy:angel_blessing":1,"minecraft:stone_sword":12,"minecraft:iron_block":1,"iter_rpg:gobsteel_scrap":1,"supplementaries:ash":6,"minecraft:blaze_rod":43,"enigmaticlegacy:blazing_core":1,"minecraft:iron_bars":17,"minecraft:birch_log":21,"majruszsaccessories:tool_scraps":2,"minecraft:jungle_log":8,"enigmaticlegacy:golem_heart":4,"iter_rpg:grimstone_bricks":10,"lootr:trophy":1,"irons_spellbooks:iron_spell_book":1,"majruszsaccessories:onyx":1,"minecraft:diamond_helmet":3,"minecraft:glowstone_dust":3,"apotheosis:mythic_material":2,"iter_rpg:silky_hivestone":10,"iter_rpg:grimstone":37,"patchouli:guide_book":3,"irons_spellbooks:legendary_ink":1,"iter_rpg:cracked_hivestone":2,"enigmaticlegacy:iron_ring":1,"minecraft:lime_terracotta":3,"minecraft:loom":1,"enigmaticlegacy:earth_heart":1,"minecraft:chainmail_helmet":3,"minecraft:bread":16,"minecraft:bricks":7,"minecraft:diamond_pickaxe":1,"minecraft:coarse_dirt":2,"minecraft:nether_wart":2,"minecraft:leather_leggings":5,"cisco_mod:divine_core":2,"iter_rpg:polished_grimstone":14,"enigmaticlegacy:tattered_tome":50,"minecraft:netherite_scrap":13,"minecraft:cracked_stone_bricks":13,"iter_rpg:coin":5,"minecraft:iron_nugget":2,"minecraft:chest":4,"minecraft:birch_sapling":3,"minecraft:sandstone":1,"minecraft:polished_deepslate_slab":3,"iter_rpg:blackstone_geode":1,"sophisticatedbackpacks:crafting_upgrade":1,"sophisticatedbackpacks:backpack":1,"farmersdelight:tomato_seeds":64,"minecraft:carrot":1,"minecraft:redstone":4,"minecraft:blue_carpet":1,"enigmaticlegacy:unholy_grail":1,"minecraft:tnt":2,"minecraft:diamond_chestplate":12,"celestisynth:solar_crystal":1,"minecraft:diamond_boots":3,"minecraft:yellow_terracotta":3,"minecraft:gold_ingot":122,"sophisticatedbackpacks:copper_backpack":1,"cisco_mod:champion_coin":4,"ars_nouveau:amethyst_golem_charm":1,"minecraft:stripped_oak_log":7,"minecraft:blackstone_slab":2,"minecraft:jungle_fence":1,"minecraft:oak_log":32,"minecraft:ancient_debris":3,"iter_rpg:magmanum_chunk":1,"minecraft:paper":2,"minecraft:white_banner":1,"sophisticatedbackpacks:upgrade_base":1,"minecraft:apple":4,"minecraft:stone_bricks":79,"alexsmobs:cockroach_wing_fragment":1,"relics:infinity_ham":2,"minecraft:glass_bottle":6,"apotheosis:gem_dust":11,"minecraft:iron_sword":2,"minecraft:polished_andesite_stairs":1,"iter_rpg:chiseled_grimstone_bricks":1,"minecraft:green_glazed_terracotta":6,"minecraft:gravel":21,"enigmaticlegacy:void_stone":1,"byg:warped_cactus":3,"iter_rpg:hivestone":9,"minecraft:crying_obsidian":2,"minecraft:leather_helmet":4,"minecraft:diamond_axe":3,"minecraft:polished_blackstone_brick_wall":2,"enigmaticlegacy:eye_of_nebula":2,"minecraft:ender_pearl":2,"irons_spellbooks:scroll":8,"ars_nouveau:caster_tome":1,"minecraft:redstone_block":1,"minecraft:nether_brick_fence":2,"enigmaticlegacy:corrupted_tome":11,"minecraft:potion":3,"undead_unleashed:grave_metal_chestplate":1,"minecraft:gilded_blackstone":2,"minecraft:stone_brick_stairs":4,"minecraft:iron_leggings":1,"minecraft:experience_bottle":7,"alexsmobs:dropbear_claw":4,"irons_spellbooks:arcane_essence":5,"twigs:pebble":3,"delightful:acorn":1,"minecraft:ender_eye":1,"minecraft:iron_boots":1,"minecraft:tipped_arrow":16,"minecraft:stick":1,"apotheosis:gem":150,"minecraft:polished_deepslate_stairs":3,"minecraft:porkchop":2,"minecraft:diorite":12,"alexsmobs:roadrunner_boots":1,"quark:ancient_tome":7,"minecraft:quartz_block":4,"minecraft:rotten_flesh":120,"irons_spellbooks:copper_spell_book":1,"minecraft:blaze_powder":3,"minecraft:cobblestone":109,"minecraft:enchanting_table":3,"minecraft:leather_chestplate":9,"minecraft:golden_leggings":2,"alexsmobs:bear_fur":1,"minecraft:tuff":1,"supplementaries:flax_seeds":6,"minecraft:wither_skeleton_skull":8,"minecraft:dirt":21,"minecraft:polished_granite":5,"minecraft:leather_boots":5,"irons_spellbooks:hogskin":10,"iter_rpg:ametrine_nugget":2,"minecraft:bone":116,"minecraft:bow":1,"minecraft:wheat_seeds":4,"minecraft:mossy_stone_bricks":22,"twigs:twig":4,"minecraft:oak_planks":8,"minecraft:mossy_stone_brick_stairs":3,"minecraft:lime_glazed_terracotta":10,"minecraft:ghast_tear":1,"alexsmobs:rocky_chestplate":2,"irons_spellbooks:frozen_bone":10,"iter_rpg:spider_silk":7,"minecraft:sand":107,"minecraft:nether_brick_stairs":2,"minecraft:mossy_cobblestone":89,"irons_spellbooks:blaze_spell_book":1,"majruszsaccessories:owl_feather":1,"twigs:silt_brick":12,"ringsofascension:ring_strength":1,"minecraft:diamond":33,"waystones:waystone":1,"iter_rpg:abyssquartz_shard":20,"minecraft:cracked_polished_blackstone_bricks":31,"relics:researching_table":3,"minecraft:golden_apple":4,"minecraft:emerald":3,"minecraft:netherrack":396,"minecraft:oak_sapling":10,"irons_spellbooks:uncommon_ink":5,"cisco_mod:brightsteel_ingot":2,"relics:space_dissector":1,"iter_rpg:spawner_fragment":6,"nethersdelight:hoglin_loin":11,"byg:soapstone":6,"minecraft:chicken":2,"irons_spellbooks:necronomicon_spell_book":1,"savage_and_ravage:spore_bomb":1,"minecraft:gold_block":27,"minecraft:chain":4,"minecraft:shield":7,"skilltree:wisdom_scroll":2,"minecraft:blackstone":1,"minecraft:candle":4,"twilightforest:fiery_pickaxe":2,"supplementaries:cage":1,"minecraft:phantom_membrane":1,"bygonenether:cobbled_blackstone":39,"iter_rpg:cracked_grimstone_bricks":4,"minecraft:polished_blackstone_bricks":1,"iter_rpg:polished_grimstone_wall":4,"minecraft:arrow":48,"ars_elemental:fire_caster_tome":2,"minecraft:pumpkin_pie":40,"minecraft:jungle_stairs":2,"minecraft:nether_bricks":11,"minecraft:saddle":1,"forbidden_arcanus:spawner_scrap":15,"apotheosis:sigil_of_socketing":1,"endrem:cursed_eye":1,"minecraft:air":0,"forbidden_arcanus:zombie_arm":2,"minecraft:leather":34,"minecraft:cut_sandstone":6,"cisco_mod:slumbering_equillibrium":2,"minecraft:birch_planks":4,"minecraft:yellow_glazed_terracotta":13,"iter_rpg:spider_silk_block":5,"minecraft:chainmail_chestplate":2,"minecraft:yellow_bed":2,"minecraft:gunpowder":4,"majruszsaccessories:horseshoe":1,"ringsofascension:ring_slow_resistance":1,"byg:firecracker_flower_bush":1,"quark:forgotten_hat":1,"minecraft:iron_ingot":8,"minecraft:polished_andesite_slab":2,"relics:bastion_ring":1,"minecraft:book":12,"minecraft:scaffolding":1,"minecraft:emerald_block":1,"minecraft:budding_amethyst":4,"minecraft:quartz":11,"minecraft:dripstone_block":34,"minecraft:lava_bucket":2,"minecraft:amethyst_shard":75,"undead_unleashed:grave_metal_scrap":48,"minecraft:nether_brick_slab":8,"minecraft:spider_eye":18,"iter_rpg:demonbone":7,"minecraft:chainmail_leggings":6,"minecraft:mossy_cobblestone_stairs":2,"undead_unleashed:grave_metal_axe":1,"iter_rpg:hivestone_stairs":1,"minecraft:coal":30},"minecraft:custom":{"minecraft:interact_with_crafting_table":70,"minecraft:open_barrel":2,"minecraft:bell_ring":7,"minecraft:eat_cake_slice":2,"minecraft:leave_game":8,"minecraft:time_since_death":59895,"minecraft:play_time":1240685,"minecraft:deaths":70,"minecraft:jump":4947,"minecraft:interact_with_furnace":36,"minecraft:sleep_in_bed":1,"minecraft:waystone_activated":5,"minecraft:damage_dealt":262915,"minecraft:inspect_dispenser":3,"minecraft:horse_one_cm":634,"minecraft:interact_with_smithing_table":21,"minecraft:interact_with_anvil":11,"minecraft:inspect_hopper":4,"minecraft:damage_dealt_absorbed":1857,"minecraft:sneak_time":75875,"minecraft:total_world_time":1240685,"enigmaticlegacy:play_time_without_seven_curses":1921447,"minecraft:time_since_rest":59921,"minecraft:swim_one_cm":18625,"minecraft:fly_one_cm":1048057,"minecraft:open_chest":208,"minecraft:fall_one_cm":158979,"enigmaticlegacy:play_time_with_seven_curses":0,"lootr:looted_stat":448,"minecraft:damage_resisted":649,"minecraft:sprint_one_cm":1336218,"minecraft:drop":412,"minecraft:talked_to_villager":10,"minecraft:walk_on_water_one_cm":78609,"minecraft:interact_with_loom":2,"minecraft:player_kills":14,"minecraft:crouch_one_cm":184832,"minecraft:mob_kills":935,"minecraft:damage_dealt_resisted":21128,"minecraft:climb_one_cm":26900,"minecraft:walk_one_cm":3289765,"minecraft:walk_under_water_one_cm":16162,"minecraft:interact_with_grindstone":1,"minecraft:damage_taken":61245,"minecraft:damage_absorbed":1728,"minecraft:aviate_one_cm":761521},"minecraft:killed":{"minecraft:cave_spider":30,"irons_spellbooks:summoned_polar_bear":12,"minecraft:shulker":1,"minecraft:skeleton":57,"alexsmobs:capuchin_monkey":2,"minecraft:chicken":2,"iter_rpg:weeper":11,"alexsmobs:laviathan":1,"savage_and_ravage:creepie":6,"mowziesmobs:foliaath":1,"enemyexpansion:vampflyer":3,"minecraft:magma_cube":67,"enemyexpansion:tarantula":1,"iter_rpg:aura_tearburst":1,"minecraft:pillager":9,"irons_spellbooks:summoned_vex":2,"minecraft:zombie":121,"enemyexpansion:vampire":1,"iter_rpg:mournstone":3,"enemyexpansion:botfly":42,"iter_rpg:griever":3,"minecraft:vindicator":2,"enemyexpansion:goblin_fear":5,"enemyexpansion:faller":1,"iter_rpg:hobgoblin":3,"enemyexpansion:scorpion":1,"minecraft:husk":32,"iter_rpg:peeper":3,"majruszsdifficulty:cursed_armor":127,"enemyexpansion:sprinter":3,"alexsmobs:rhinoceros":1,"iter_rpg:goblin_warrior":6,"iter_rpg:giant_spider":1,"minecraft:enderman":2,"iter_rpg:goblin":4,"minecraft:witch":1,"minecraft:zombified_piglin":1,"minecraft:spider":35,"quark:forgotten":1,"minecraft:silverfish":31,"irons_spellbooks:summoned_skeleton":4,"minecraft:piglin_brute":6,"minecraft:piglin":21,"minecraft:pig":1,"alexsmobs:grizzly_bear":1,"ars_nouveau:gift_starby":1,"iter_rpg:aura_mobspawn":1,"iter_rpg:spiderling":59,"irons_spellbooks:necromancer":1,"minecraft:creeper":11,"alexsmobs:warped_toad":1,"minecraft:trader_llama":1,"minecraft:stray":14,"minecraft:ghast":2,"undead_unleashed:haunter":18,"minecraft:blaze":33,"irons_spellbooks:summoned_zombie":7,"enemyexpansion:intruder":1,"enemyexpansion:direwolf":5,"minecraft:phantom":8,"twilightforest:fire_beetle":1,"aquaculture:brown_trout":1,"enemyexpansion:goblin":3,"whisperwoods:hidebehind":1,"quark:foxhound":1,"minecraft:bat":2,"minecraft:hoglin":7,"minecraft:squid":1,"enemyexpansion:crawler":2,"alexsmobs:cockroach":2,"minecraft:wither_skeleton":32,"minecraft:villager":2,"enemyexpansion:slugger":1}},"DataVersion":3120}