{"stats":{"minecraft:used":{"minecraft:iron_shovel":103,"minecraft:chest":1,"minecraft:iron_sword":238,"lootr:trophy":1,"ironchest:iron_chest":1,"majruszsdifficulty:golden_bandage":1,"ars_nouveau:amethyst_golem_charm":1,"minecraft:lava_bucket":22,"minecraft:birch_sapling":2,"simplyswords:diamond_cutlass":34,"minecraft:stone_brick_stairs":1,"minecraft:stone_bricks":161,"minecraft:bow":15,"minecraft:oak_sapling":9,"minecraft:mossy_stone_bricks":58,"minecraft:diorite":3,"minecraft:stone_pickaxe":67,"minecraft:jungle_fence":1,"minecraft:oak_planks":7,"minecraft:diamond_axe":91,"minecraft:golden_apple":12,"minecraft:sand":7,"minecraft:crossbow":7,"minecraft:bread":42,"minecraft:string":3,"minecraft:gravel":16,"mcsa:prismarine_soldier_chestplate":1,"minecraft:diamond_sword":1203,"minecraft:smithing_table":1,"minecraft:coarse_dirt":2,"minecraft:experience_bottle":17,"minecraft:trident":12,"ironfurnaces:gold_furnace":17,"byg:firecracker_flower_bush":1,"minecraft:dirt":1,"ironchest:diamond_chest":11,"minecraft:hopper":4,"cisco_mod:slumbering_equillibrium":14,"minecraft:diamond_helmet":2,"minecraft:iron_axe":29,"minecraft:cooked_beef":8,"minecraft:cobbled_deepslate":8,"minecraft:enchanted_golden_apple":2,"minecraft:birch_planks":4,"minecraft:cut_sandstone":2,"minecraft:cracked_stone_bricks":7,"minecraft:mossy_cobblestone":79,"supplementaries:bomb":5,"minecraft:tnt":2,"minecraft:crafting_table":2,"minecraft:magenta_carpet":1,"minecraft:diamond_pickaxe":2996,"minecraft:iron_pickaxe":289,"byg:soapstone":4,"minecraft:stone_axe":8,"minecraft:cobblestone":67,"minecraft:potion":4,"minecraft:bucket":22,"minecraft:glass_pane":5,"minecraft:yellow_bed":1,"minecraft:stripped_oak_log":4,"minecraft:diamond_leggings":1},"minecraft:killed_by":{"minecraft:vindicator":3,"minecraft:silverfish":3,"minecraft:cave_spider":7,"minecraft:zombie":4,"majruszsdifficulty:cursed_armor":2,"enemyexpansion:invisicreeper":1,"minecraft:husk":3,"minecraft:player":6,"minecraft:shulker":1,"irons_spellbooks:dead_king":8,"minecraft:skeleton":2,"irons_spellbooks:archevoker":1,"mowziesmobs:foliaath":1},"minecraft:mined":{"minecraft:blue_carpet":1,"minecraft:large_amethyst_bud":1,"minecraft:mossy_stone_brick_slab":1,"iter_rpg:weaved_hivestone":9,"iter_rpg:crumbling_hivestone":2,"minecraft:jungle_leaves":4,"minecraft:granite":14,"minecraft:acacia_log":1,"minecraft:grass_block":5,"iter_rpg:hivestone_wall":12,"minecraft:chiseled_stone_bricks":3,"minecraft:spawner":35,"iter_rpg:infested_hivestone":9,"minecraft:mossy_cobblestone_stairs":5,"ironfurnaces:gold_furnace":8,"minecraft:fire":1,"minecraft:iron_ore":3,"minecraft:pointed_dripstone":1,"minecraft:polished_deepslate_slab":17,"minecraft:oak_stairs":2,"minecraft:iron_bars":16,"minecraft:deepslate_brick_stairs":6,"savage_and_ravage:spore_bomb":1,"minecraft:white_banner":1,"minecraft:spruce_slab":1,"minecraft:cut_sandstone":12,"minecraft:quartz_block":1,"lootr:lootr_chest":1,"minecraft:red_bed":1,"minecraft:polished_deepslate_stairs":3,"minecraft:clay":1,"minecraft:chest":1,"minecraft:dead_bush":1,"galosphere:silver_ore":1,"byg:firecracker_flower_bush":2,"minecraft:cobblestone":27,"minecraft:oak_planks":4,"minecraft:bricks":7,"minecraft:iron_door":2,"minecraft:wall_torch":1,"minecraft:chain":2,"byg:soapstone":61,"forbidden_arcanus:darkstone":4,"minecraft:dark_oak_slab":2,"minecraft:blue_terracotta":2,"minecraft:birch_log":21,"minecraft:blue_ice":261,"ironchest:diamond_chest":2,"minecraft:tnt":4,"minecraft:stone_brick_stairs":24,"minecraft:potted_poppy":1,"minecraft:grass":9,"minecraft:oak_log":32,"minecraft:sand":114,"minecraft:dirt":63,"twigs:rhyolite":52,"minecraft:netherrack":2,"minecraft:oak_leaves":12,"minecraft:deepslate":694,"minecraft:emerald_block":1,"minecraft:yellow_terracotta":1,"minecraft:red_carpet":1,"minecraft:tuff":102,"minecraft:mossy_cobblestone":41,"minecraft:stripped_mangrove_log":2,"minecraft:deepslate_diamond_ore":4,"minecraft:candle":5,"minecraft:oak_door":1,"minecraft:dark_oak_log":1,"iter_rpg:cracked_hivestone":12,"minecraft:nether_bricks":9,"minecraft:dark_oak_fence":6,"minecraft:jungle_planks":1,"minecraft:polished_andesite_slab":2,"iter_rpg:big_vase":1,"minecraft:sandstone":6,"iter_rpg:spider_silk_block":2,"iter_rpg:small_vase":2,"minecraft:andesite":130,"minecraft:mossy_stone_brick_stairs":6,"minecraft:bookshelf":8,"minecraft:vine":37,"minecraft:deepslate_iron_ore":4,"ironchest:iron_chest":1,"minecraft:stripped_oak_log":13,"minecraft:packed_ice":15,"minecraft:stone":1030,"minecraft:jungle_fence_gate":1,"minecraft:acacia_leaves":7,"minecraft:glass_pane":1,"lootr:lootr_barrel":1,"minecraft:spruce_door":1,"minecraft:stone_brick_slab":1,"minecraft:polished_granite":4,"minecraft:oak_fence":1,"iter_rpg:vase":2,"iter_rpg:cut_hivestone":16,"woodworks:oak_chest":6,"minecraft:tall_grass":1,"minecraft:copper_ore":8,"iter_rpg:hivestone":53,"minecraft:diorite":47,"supplementaries:urn":4,"minecraft:spruce_stairs":1,"minecraft:birch_planks":3,"iter_rpg:hivestone_stairs":6,"iter_rpg:silky_hivestone":19,"minecraft:birch_leaves":1,"minecraft:jungle_fence":1,"minecraft:yellow_bed":2,"minecraft:coal_ore":30,"iter_rpg:spider_egg":8,"minecraft:gravel":4,"minecraft:dripstone_block":30,"minecraft:cobweb":80,"minecraft:cracked_stone_bricks":95,"minecraft:stone_bricks":227,"minecraft:polished_andesite":11,"minecraft:mossy_stone_bricks":49},"minecraft:crafted":{"minecraft:oak_planks":132,"minecraft:chain":11,"ironfurnaces:iron_furnace":9,"minecraft:glass":0,"minecraft:emerald":9,"minecraft:crafting_table":1,"minecraft:smithing_table":1,"minecraft:gold_block":10,"minecraft:birch_planks":28,"cisco_mod:slumbering_equillibrium":1,"ironchest:diamond_chest":15,"minecraft:stick":8,"minecraft:iron_pickaxe":1,"minecraft:iron_ingot":9,"minecraft:iron_block":1,"ironfurnaces:gold_furnace":9,"minecraft:netherite_sword":1,"minecraft:iron_nugget":18,"minecraft:furnace":9,"minecraft:glass_pane":16,"ironchest:gold_chest":17,"minecraft:diamond_sword":1,"minecraft:air":0,"woodworks:oak_chest":16,"minecraft:iron_shovel":1,"ironchest:iron_chest":17},"minecraft:broken":{"minecraft:diamond_helmet":3,"mcsa:golden_goliath_leggings":1,"minecraft:iron_sword":1,"quark:forgotten_hat":1,"minecraft:diamond_leggings":1,"immersive_armors:heavy_chestplate":1,"mcsa:golden_goliath_circuitry_chestplate":1},"minecraft:dropped":{"apotheosis:gem_dust":3,"iter_rpg:hivestone":4,"minecraft:candle":7,"minecraft:diamond_axe":1,"minecraft:cooked_beef":1,"minecraft:glass_bottle":6,"undead_unleashed:grave_metal_scrap":16,"minecraft:dirt":5,"immersive_armors:wooden_leggings":1,"minecraft:cut_sandstone":3,"minecraft:wooden_sword":1,"minecraft:pumpkin_pie":12,"minecraft:amethyst_shard":30,"minecraft:sand":6,"alexsmobs:tendon_whip":1,"immersive_armors:wooden_chestplate":1,"twigs:twig":4,"quark:ancient_tome":1,"minecraft:gold_ingot":25,"minecraft:bone":65,"minecraft:iron_nugget":6,"minecraft:polished_andesite_slab":2,"minecraft:cobbled_deepslate":34,"immersive_armors:wooden_boots":1,"minecraft:pointed_dripstone":1,"minecraft:rotten_flesh":72,"minecraft:oak_planks":21,"enigmaticlegacy:tattered_tome":10,"iter_rpg:spawner_fragment":2,"iter_rpg:cracked_hivestone":2,"minecraft:carrot":8,"minecraft:tipped_arrow":10,"supplementaries:flax_seeds":3,"supplementaries:ash":5,"minecraft:gunpowder":2,"minecraft:leather_boots":1,"apotheosis:gem":9,"minecraft:leather_leggings":3,"iter_rpg:spider_silk":5,"minecraft:iron_bars":2,"minecraft:arrow":49,"minecraft:glass":64,"minecraft:scaffolding":1,"minecraft:netherrack":1,"minecraft:enchanting_table":6,"minecraft:iron_ingot":16,"minecraft:bread":16,"minecraft:wheat_seeds":3,"minecraft:mossy_cobblestone":130,"minecraft:bookshelf":5,"minecraft:dripstone_block":13,"minecraft:cobblestone":163,"minecraft:book":6,"enigmaticlegacy:golem_heart":4,"relics:midnight_robe":1,"minecraft:apple":2,"enigmaticlegacy:corrupted_tome":2,"minecraft:golden_apple":22,"minecraft:polished_andesite":10,"minecraft:stick":2,"minecraft:lava_bucket":2,"irons_spellbooks:scroll":1,"minecraft:diorite":7,"byg:soapstone":2,"cisco_mod:slumbering_equillibrium":2,"forbidden_arcanus:spawner_scrap":4,"delightful:acorn":1,"minecraft:string":26,"ars_nouveau:caster_tome":1,"minecraft:bricks":4,"minecraft:stone_sword":2,"majruszsaccessories:tool_scraps":2,"minecraft:chicken":2,"iter_rpg:spider_silk_block":3,"minecraft:iron_boots":1,"minecraft:nether_bricks":8,"minecraft:polished_deepslate_stairs":6,"alexsmobs:bear_fur":1,"enigmaticlegacy:extradimensional_eye":1,"minecraft:diamond_sword":1,"minecraft:shield":2,"minecraft:diamond_chestplate":4,"minecraft:diamond_pickaxe":1,"minecraft:iron_chestplate":1,"cisco_mod:champion_coin":3,"minecraft:mossy_stone_bricks":1,"iter_rpg:silky_hivestone":3,"minecraft:golden_leggings":1,"minecraft:stone_bricks":32,"minecraft:spider_eye":5,"minecraft:sandstone":1,"irons_spellbooks:iron_spell_book":2,"minecraft:bow":1,"ars_elemental:fire_caster_tome":1,"immersive_armors:wooden_helmet":1},"minecraft:picked_up":{"irons_spellbooks:scroll":3,"minecraft:iron_chestplate":2,"minecraft:magenta_carpet":1,"minecraft:lead":1,"minecraft:diamond_sword":1,"minecraft:oak_stairs":4,"minecraft:potion":3,"minecraft:enchanted_book":1,"minecraft:stone_brick_stairs":4,"minecraft:string":77,"apotheosis:epic_material":3,"minecraft:iron_leggings":1,"minecraft:experience_bottle":4,"woodworks:oak_chest":6,"minecraft:diamond_leggings":2,"minecraft:gold_nugget":1,"minecraft:cobbled_deepslate":35,"bosses_of_mass_destruction:soul_star":1,"delightful:acorn":1,"minecraft:iron_boots":1,"minecraft:golden_helmet":1,"minecraft:tipped_arrow":12,"minecraft:stick":1,"apotheosis:gem":25,"minecraft:polished_deepslate_stairs":3,"minecraft:porkchop":2,"ironchest:gold_chest":6,"minecraft:diorite":12,"gateways:gate_pearl":1,"alexsmobs:tendon_whip":1,"minecraft:stone_sword":3,"minecraft:rotten_flesh":90,"minecraft:iron_block":1,"iter_rpg:gobsteel_scrap":1,"supplementaries:ash":6,"minecraft:iron_bars":14,"minecraft:cobblestone":100,"minecraft:enchanting_table":3,"minecraft:birch_log":21,"majruszsaccessories:tool_scraps":2,"minecraft:leather_chestplate":2,"minecraft:golden_leggings":2,"enigmaticlegacy:golem_heart":4,"alexsmobs:bear_fur":1,"minecraft:tuff":1,"supplementaries:flax_seeds":6,"minecraft:wither_skeleton_skull":5,"minecraft:dirt":18,"lootr:trophy":1,"minecraft:polished_granite":5,"minecraft:leather_boots":1,"irons_spellbooks:iron_spell_book":1,"minecraft:bone":76,"minecraft:bow":1,"minecraft:wheat_seeds":4,"minecraft:mossy_stone_bricks":19,"minecraft:diamond_helmet":3,"twigs:twig":4,"minecraft:oak_planks":3,"minecraft:mossy_stone_brick_stairs":2,"iter_rpg:silky_hivestone":10,"patchouli:guide_book":3,"iter_rpg:cracked_hivestone":2,"iter_rpg:spider_silk":7,"minecraft:sand":107,"minecraft:mossy_cobblestone":73,"minecraft:diamond":8,"waystones:waystone":1,"minecraft:bread":16,"minecraft:emerald":3,"minecraft:oak_sapling":9,"minecraft:netherrack":1,"cisco_mod:brightsteel_ingot":2,"minecraft:bricks":7,"minecraft:diamond_pickaxe":1,"iter_rpg:spawner_fragment":4,"minecraft:coarse_dirt":2,"byg:soapstone":6,"minecraft:chicken":2,"savage_and_ravage:spore_bomb":1,"minecraft:leather_leggings":3,"cisco_mod:divine_core":1,"enigmaticlegacy:tattered_tome":7,"minecraft:shield":3,"skilltree:wisdom_scroll":1,"minecraft:netherite_scrap":9,"minecraft:cracked_stone_bricks":12,"minecraft:candle":4,"iter_rpg:coin":5,"minecraft:iron_nugget":2,"supplementaries:cage":1,"minecraft:chest":1,"minecraft:birch_sapling":3,"minecraft:sandstone":1,"minecraft:polished_deepslate_slab":3,"sophisticatedbackpacks:backpack":1,"minecraft:carrot":1,"minecraft:blue_carpet":1,"minecraft:tnt":2,"minecraft:arrow":33,"minecraft:diamond_chestplate":5,"ars_elemental:fire_caster_tome":2,"minecraft:pumpkin_pie":40,"minecraft:nether_bricks":8,"minecraft:gold_ingot":122,"sophisticatedbackpacks:copper_backpack":1,"cisco_mod:champion_coin":4,"forbidden_arcanus:spawner_scrap":12,"ars_nouveau:amethyst_golem_charm":1,"minecraft:stripped_oak_log":7,"cisco_mod:slumbering_equillibrium":2,"minecraft:cut_sandstone":6,"minecraft:leather":34,"minecraft:jungle_fence":1,"minecraft:birch_planks":3,"minecraft:ancient_debris":3,"minecraft:oak_log":32,"iter_rpg:spider_silk_block":5,"minecraft:yellow_bed":2,"minecraft:gunpowder":4,"byg:firecracker_flower_bush":1,"minecraft:white_banner":1,"quark:forgotten_hat":1,"minecraft:apple":4,"minecraft:stone_bricks":65,"alexsmobs:cockroach_wing_fragment":1,"minecraft:iron_ingot":8,"relics:infinity_ham":1,"minecraft:glass_bottle":5,"minecraft:polished_andesite_slab":2,"apotheosis:gem_dust":3,"minecraft:iron_sword":1,"minecraft:book":9,"minecraft:scaffolding":1,"minecraft:emerald_block":1,"minecraft:budding_amethyst":4,"minecraft:dripstone_block":34,"minecraft:gravel":19,"minecraft:lava_bucket":2,"minecraft:amethyst_shard":30,"undead_unleashed:grave_metal_scrap":31,"iter_rpg:hivestone":9,"minecraft:spider_eye":14,"minecraft:chainmail_leggings":2,"minecraft:diamond_axe":2,"minecraft:mossy_cobblestone_stairs":2,"undead_unleashed:grave_metal_axe":1,"iter_rpg:hivestone_stairs":1,"minecraft:coal":24},"minecraft:custom":{"enigmaticlegacy:play_time_with_seven_curses":0,"lootr:looted_stat":216,"minecraft:interact_with_crafting_table":46,"minecraft:open_barrel":2,"minecraft:bell_ring":7,"minecraft:eat_cake_slice":2,"minecraft:leave_game":4,"minecraft:time_since_death":14933,"minecraft:damage_resisted":420,"minecraft:sprint_one_cm":621380,"minecraft:drop":201,"minecraft:talked_to_villager":9,"minecraft:play_time":598559,"minecraft:deaths":46,"minecraft:jump":2505,"minecraft:walk_on_water_one_cm":62644,"minecraft:interact_with_furnace":27,"minecraft:interact_with_loom":1,"minecraft:sleep_in_bed":1,"minecraft:waystone_activated":5,"minecraft:damage_dealt":105546,"minecraft:player_kills":10,"minecraft:crouch_one_cm":63618,"minecraft:inspect_dispenser":3,"minecraft:horse_one_cm":634,"minecraft:interact_with_smithing_table":8,"minecraft:interact_with_anvil":2,"minecraft:mob_kills":462,"minecraft:inspect_hopper":4,"minecraft:damage_dealt_resisted":10171,"minecraft:climb_one_cm":21380,"minecraft:walk_one_cm":1471356,"minecraft:damage_dealt_absorbed":264,"minecraft:sneak_time":32030,"minecraft:walk_under_water_one_cm":9680,"minecraft:total_world_time":598559,"enigmaticlegacy:play_time_without_seven_curses":1280196,"minecraft:interact_with_grindstone":1,"minecraft:time_since_rest":14958,"minecraft:damage_taken":31442,"minecraft:damage_absorbed":1241,"minecraft:swim_one_cm":12978,"minecraft:fly_one_cm":630316,"minecraft:open_chest":53,"minecraft:aviate_one_cm":580701,"minecraft:fall_one_cm":72134},"minecraft:killed":{"iter_rpg:goblin":4,"minecraft:cave_spider":29,"minecraft:witch":1,"minecraft:spider":17,"irons_spellbooks:summoned_polar_bear":3,"minecraft:shulker":1,"quark:forgotten":1,"minecraft:skeleton":27,"alexsmobs:capuchin_monkey":2,"minecraft:chicken":2,"minecraft:silverfish":31,"savage_and_ravage:creepie":6,"irons_spellbooks:summoned_skeleton":4,"mowziesmobs:foliaath":1,"minecraft:pig":1,"alexsmobs:grizzly_bear":1,"ars_nouveau:gift_starby":1,"enemyexpansion:tarantula":1,"iter_rpg:spiderling":59,"irons_spellbooks:necromancer":1,"minecraft:creeper":8,"minecraft:pillager":9,"minecraft:trader_llama":1,"irons_spellbooks:summoned_vex":1,"minecraft:zombie":61,"enemyexpansion:botfly":30,"minecraft:stray":3,"undead_unleashed:haunter":7,"irons_spellbooks:summoned_zombie":7,"minecraft:vindicator":2,"enemyexpansion:direwolf":4,"enemyexpansion:goblin_fear":3,"minecraft:phantom":1,"aquaculture:brown_trout":1,"iter_rpg:hobgoblin":3,"enemyexpansion:goblin":1,"enemyexpansion:scorpion":1,"whisperwoods:hidebehind":1,"minecraft:husk":27,"minecraft:bat":1,"iter_rpg:peeper":3,"enemyexpansion:sprinter":1,"majruszsdifficulty:cursed_armor":42,"alexsmobs:rhinoceros":1,"enemyexpansion:crawler":2,"alexsmobs:cockroach":1,"iter_rpg:goblin_warrior":6,"iter_rpg:giant_spider":1,"minecraft:wither_skeleton":7,"minecraft:villager":2,"minecraft:enderman":2,"enemyexpansion:slugger":1}},"DataVersion":3120}