{"stats":{"minecraft:crafted":{"minecraft:oak_planks":132,"minecraft:chain":11,"ironfurnaces:iron_furnace":9,"minecraft:glass":0,"minecraft:emerald":9,"minecraft:crafting_table":1,"minecraft:smithing_table":1,"minecraft:gold_block":10,"minecraft:birch_planks":28,"cisco_mod:slumbering_equillibrium":1,"ironchest:diamond_chest":15,"minecraft:stick":8,"minecraft:iron_ingot":9,"minecraft:iron_pickaxe":1,"minecraft:iron_block":1,"minecraft:gold_ingot":18,"ironfurnaces:gold_furnace":9,"minecraft:netherite_sword":1,"minecraft:iron_nugget":18,"minecraft:furnace":9,"minecraft:glass_pane":16,"ironchest:gold_chest":17,"minecraft:diamond_sword":1,"minecraft:air":0,"woodworks:oak_chest":16,"minecraft:iron_shovel":1,"ironchest:iron_chest":17},"minecraft:killed":{"iter_rpg:goblin":4,"minecraft:cave_spider":30,"minecraft:zombified_piglin":1,"minecraft:witch":1,"minecraft:spider":30,"irons_spellbooks:summoned_polar_bear":8,"minecraft:shulker":1,"quark:forgotten":1,"minecraft:skeleton":45,"minecraft:chicken":2,"alexsmobs:capuchin_monkey":2,"iter_rpg:weeper":9,"alexsmobs:laviathan":1,"minecraft:silverfish":31,"savage_and_ravage:creepie":6,"irons_spellbooks:summoned_skeleton":4,"mowziesmobs:foliaath":1,"minecraft:piglin_brute":2,"enemyexpansion:vampflyer":2,"minecraft:magma_cube":55,"minecraft:piglin":14,"minecraft:pig":1,"alexsmobs:grizzly_bear":1,"ars_nouveau:gift_starby":1,"enemyexpansion:tarantula":1,"iter_rpg:spiderling":59,"irons_spellbooks:necromancer":1,"minecraft:creeper":11,"minecraft:pillager":9,"minecraft:trader_llama":1,"irons_spellbooks:summoned_vex":1,"minecraft:zombie":67,"minecraft:ghast":1,"iter_rpg:mournstone":2,"enemyexpansion:botfly":35,"minecraft:stray":6,"undead_unleashed:haunter":10,"minecraft:blaze":12,"iter_rpg:griever":2,"irons_spellbooks:summoned_zombie":7,"minecraft:vindicator":2,"enemyexpansion:direwolf":5,"enemyexpansion:goblin_fear":5,"minecraft:phantom":7,"twilightforest:fire_beetle":1,"enemyexpansion:faller":1,"aquaculture:brown_trout":1,"iter_rpg:hobgoblin":3,"enemyexpansion:goblin":3,"enemyexpansion:scorpion":1,"whisperwoods:hidebehind":1,"minecraft:husk":27,"quark:foxhound":1,"minecraft:bat":1,"iter_rpg:peeper":3,"enemyexpansion:sprinter":2,"majruszsdifficulty:cursed_armor":79,"minecraft:hoglin":7,"alexsmobs:rhinoceros":1,"minecraft:squid":1,"enemyexpansion:crawler":2,"alexsmobs:cockroach":1,"iter_rpg:goblin_warrior":6,"iter_rpg:giant_spider":1,"minecraft:wither_skeleton":17,"minecraft:villager":2,"minecraft:enderman":2,"enemyexpansion:slugger":1},"minecraft:mined":{"minecraft:blue_carpet":1,"iter_rpg:grimstone":4,"minecraft:large_amethyst_bud":1,"minecraft:spruce_planks":2,"minecraft:mossy_stone_brick_slab":1,"iter_rpg:weaved_hivestone":9,"iter_rpg:crumbling_hivestone":2,"minecraft:jungle_leaves":4,"minecraft:red_nether_bricks":10,"minecraft:obsidian":1,"minecraft:granite":33,"minecraft:acacia_log":1,"minecraft:grass_block":5,"minecraft:yellow_carpet":1,"iter_rpg:grimstone_bricks_wall":5,"iter_rpg:cracked_grimstone_bricks":2,"minecraft:cracked_polished_blackstone_bricks":7,"minecraft:polished_blackstone_brick_slab":5,"iter_rpg:hivestone_wall":12,"minecraft:nether_wart":2,"minecraft:gilded_blackstone":7,"minecraft:chiseled_stone_bricks":4,"minecraft:spawner":52,"iter_rpg:infested_hivestone":9,"minecraft:polished_blackstone_bricks":49,"minecraft:weeping_vines_plant":1,"minecraft:magma_block":2,"minecraft:mossy_cobblestone_stairs":8,"ironfurnaces:gold_furnace":8,"minecraft:iron_ore":3,"minecraft:cobbled_deepslate":12,"minecraft:fire":10,"byg:quartzite_sand":106,"twigs:silt":3,"minecraft:nether_brick_stairs":3,"minecraft:pointed_dripstone":1,"minecraft:polished_deepslate_slab":17,"minecraft:oak_stairs":9,"minecraft:iron_bars":36,"minecraft:deepslate_brick_stairs":6,"savage_and_ravage:spore_bomb":1,"minecraft:white_banner":1,"minecraft:spruce_slab":1,"minecraft:cut_sandstone":12,"minecraft:blackstone":42,"minecraft:quartz_block":1,"lootr:lootr_chest":1,"minecraft:red_bed":1,"minecraft:polished_deepslate_stairs":3,"minecraft:soul_fire":2,"minecraft:clay":1,"minecraft:chest":1,"minecraft:dead_bush":1,"minecraft:nether_brick_slab":11,"galosphere:silver_ore":1,"minecraft:nether_quartz_ore":4,"byg:firecracker_flower_bush":2,"minecraft:cobblestone":33,"minecraft:bricks":7,"minecraft:oak_planks":26,"iter_rpg:grimstone_bricks":6,"minecraft:iron_door":2,"minecraft:wall_torch":1,"iter_rpg:polished_grimstone_stairs":1,"minecraft:chain":2,"byg:soapstone":69,"forbidden_arcanus:darkstone":4,"minecraft:dark_oak_slab":2,"minecraft:blue_terracotta":2,"minecraft:birch_log":21,"byg:quartz_crystal":1,"minecraft:blue_ice":261,"ironchest:diamond_chest":2,"minecraft:tnt":4,"minecraft:potted_poppy":1,"minecraft:stone_brick_stairs":26,"minecraft:grass":9,"minecraft:oak_log":32,"minecraft:lime_terracotta":51,"minecraft:sand":114,"minecraft:dirt":63,"minecraft:nether_gold_ore":7,"twigs:rhyolite":52,"minecraft:netherrack":427,"minecraft:oak_leaves":12,"minecraft:deepslate":694,"minecraft:emerald_block":1,"minecraft:redstone_lamp":1,"minecraft:yellow_terracotta":24,"minecraft:tuff":102,"minecraft:red_carpet":1,"minecraft:mossy_cobblestone":57,"minecraft:deepslate_diamond_ore":4,"minecraft:stripped_mangrove_log":2,"minecraft:candle":5,"minecraft:oak_door":1,"minecraft:nether_brick_wall":3,"minecraft:dark_oak_log":1,"iter_rpg:cracked_hivestone":12,"minecraft:nether_bricks":27,"minecraft:ladder":1,"minecraft:dark_oak_fence":6,"minecraft:jungle_planks":1,"minecraft:polished_andesite_slab":2,"iter_rpg:big_vase":1,"minecraft:sandstone":6,"iter_rpg:spider_silk_block":2,"iter_rpg:small_vase":2,"minecraft:andesite":130,"minecraft:green_terracotta":27,"minecraft:gold_block":15,"iter_rpg:polished_grimstone":6,"minecraft:nether_brick_fence":3,"minecraft:mossy_stone_brick_stairs":9,"minecraft:bookshelf":8,"minecraft:vine":66,"minecraft:deepslate_iron_ore":4,"ironchest:iron_chest":1,"minecraft:stripped_oak_log":13,"minecraft:packed_ice":15,"minecraft:stone":1109,"minecraft:jungle_fence_gate":1,"minecraft:acacia_leaves":7,"minecraft:redstone_block":1,"minecraft:glass_pane":1,"lootr:lootr_barrel":1,"minecraft:polished_blackstone_brick_wall":10,"minecraft:basalt":4,"minecraft:stone_brick_slab":1,"minecraft:spruce_door":1,"minecraft:polished_granite":4,"minecraft:oak_fence":1,"minecraft:blackstone_slab":2,"iter_rpg:vase":2,"iter_rpg:cut_hivestone":16,"woodworks:oak_chest":6,"minecraft:tall_grass":1,"minecraft:copper_ore":8,"minecraft:polished_blackstone_brick_stairs":11,"iter_rpg:hivestone":53,"minecraft:diorite":47,"supplementaries:urn":4,"minecraft:spruce_stairs":1,"minecraft:birch_planks":3,"iter_rpg:giant_chain":6,"iter_rpg:hivestone_stairs":6,"iter_rpg:silky_hivestone":19,"minecraft:birch_leaves":1,"minecraft:jungle_fence":1,"minecraft:yellow_bed":2,"byg:raw_quartz_block":7,"ars_nouveau:mage_block":10,"iter_rpg:spider_egg":8,"minecraft:coal_ore":30,"minecraft:gravel":5,"minecraft:dripstone_block":30,"minecraft:cobweb":82,"minecraft:cracked_stone_bricks":122,"minecraft:stone_bricks":275,"minecraft:polished_andesite":11,"minecraft:mossy_stone_bricks":72},"minecraft:used":{"minecraft:iron_shovel":103,"minecraft:chest":2,"minecraft:iron_sword":238,"lootr:trophy":1,"minecraft:nether_bricks":6,"ironchest:iron_chest":1,"majruszsdifficulty:golden_bandage":9,"ars_nouveau:amethyst_golem_charm":1,"minecraft:lava_bucket":24,"minecraft:birch_sapling":2,"simplyswords:diamond_cutlass":34,"minecraft:stone_brick_stairs":1,"minecraft:stone_bricks":240,"iter_rpg:grimstone":2,"minecraft:bow":15,"minecraft:magma_block":2,"minecraft:yellow_glazed_terracotta":13,"minecraft:oak_sapling":9,"minecraft:lime_glazed_terracotta":10,"minecraft:mossy_stone_bricks":74,"minecraft:diorite":3,"minecraft:diamond_boots":1,"minecraft:stone_pickaxe":67,"minecraft:jungle_fence":1,"minecraft:oak_planks":65,"minecraft:diamond_axe":91,"minecraft:golden_apple":16,"minecraft:sand":7,"minecraft:crossbow":7,"minecraft:bread":42,"minecraft:string":3,"minecraft:gravel":16,"mcsa:prismarine_soldier_chestplate":1,"minecraft:diamond_sword":1206,"minecraft:smithing_table":1,"forbidden_arcanus:reinforced_deorum_sword":3,"minecraft:coarse_dirt":2,"minecraft:experience_bottle":19,"minecraft:trident":12,"ironfurnaces:gold_furnace":17,"minecraft:iron_bars":2,"byg:firecracker_flower_bush":1,"minecraft:green_glazed_terracotta":2,"minecraft:dirt":1,"ironchest:diamond_chest":11,"minecraft:hopper":4,"cisco_mod:slumbering_equillibrium":502,"minecraft:nether_brick_slab":1,"minecraft:diamond_helmet":2,"twilightforest:fiery_pickaxe":312,"minecraft:granite":4,"minecraft:oak_stairs":2,"minecraft:iron_axe":29,"enigmaticlegacy:unholy_grail":1,"minecraft:cooked_beef":8,"minecraft:cobbled_deepslate":56,"minecraft:enchanted_golden_apple":3,"minecraft:birch_planks":4,"minecraft:red_nether_bricks":2,"minecraft:cut_sandstone":2,"minecraft:cracked_stone_bricks":7,"minecraft:mossy_cobblestone":79,"supplementaries:bomb":5,"minecraft:crafting_table":2,"minecraft:tnt":2,"minecraft:magenta_carpet":1,"endrem:rogue_eye":3,"minecraft:diamond_pickaxe":3924,"minecraft:cracked_polished_blackstone_bricks":18,"minecraft:iron_pickaxe":289,"byg:soapstone":4,"minecraft:stone_axe":8,"minecraft:cobblestone":84,"minecraft:potion":5,"minecraft:bucket":24,"minecraft:glass_pane":5,"minecraft:yellow_bed":1,"minecraft:stripped_oak_log":4,"minecraft:diamond_leggings":1},"minecraft:picked_up":{"irons_spellbooks:scroll":4,"ars_nouveau:caster_tome":1,"minecraft:iron_chestplate":2,"minecraft:redstone_block":1,"minecraft:chainmail_boots":2,"minecraft:nether_brick_fence":2,"minecraft:lead":1,"minecraft:magenta_carpet":1,"minecraft:diamond_sword":1,"minecraft:oak_stairs":6,"minecraft:potion":3,"minecraft:enchanted_book":4,"minecraft:stone_brick_stairs":4,"apotheosis:epic_material":5,"minecraft:string":89,"minecraft:red_nether_bricks":1,"minecraft:iron_leggings":1,"minecraft:experience_bottle":6,"woodworks:oak_chest":6,"alexsmobs:dropbear_claw":4,"minecraft:diamond_leggings":4,"iter_rpg:giant_chain":5,"minecraft:gold_nugget":1,"minecraft:cobbled_deepslate":35,"bosses_of_mass_destruction:soul_star":1,"delightful:acorn":1,"minecraft:coal_block":8,"minecraft:polished_blackstone_brick_slab":3,"apotheosis:rare_material":5,"minecraft:iron_boots":1,"minecraft:tipped_arrow":14,"minecraft:golden_helmet":1,"minecraft:stick":1,"apotheosis:gem":28,"minecraft:polished_deepslate_stairs":3,"minecraft:porkchop":2,"minecraft:golden_axe":1,"ironchest:gold_chest":6,"minecraft:diorite":12,"gateways:gate_pearl":1,"alexsmobs:tendon_whip":1,"minecraft:golden_chestplate":2,"minecraft:quartz_block":4,"minecraft:stone_sword":7,"minecraft:rotten_flesh":100,"minecraft:iron_block":1,"iter_rpg:gobsteel_scrap":1,"supplementaries:ash":6,"minecraft:blaze_rod":8,"enigmaticlegacy:blazing_core":1,"minecraft:iron_bars":14,"minecraft:cobblestone":109,"majruszsaccessories:tool_scraps":2,"minecraft:birch_log":21,"minecraft:enchanting_table":3,"minecraft:leather_chestplate":4,"minecraft:golden_leggings":2,"alexsmobs:bear_fur":1,"enigmaticlegacy:golem_heart":4,"minecraft:tuff":1,"supplementaries:flax_seeds":6,"minecraft:wither_skeleton_skull":5,"iter_rpg:grimstone_bricks":10,"minecraft:dirt":18,"lootr:trophy":1,"minecraft:polished_granite":5,"irons_spellbooks:hogskin":10,"minecraft:leather_boots":1,"irons_spellbooks:iron_spell_book":1,"iter_rpg:ametrine_nugget":2,"minecraft:bone":92,"minecraft:bow":1,"minecraft:wheat_seeds":4,"majruszsaccessories:onyx":1,"minecraft:mossy_stone_bricks":21,"minecraft:diamond_helmet":3,"apotheosis:mythic_material":1,"minecraft:lime_glazed_terracotta":10,"twigs:twig":4,"minecraft:oak_planks":5,"minecraft:mossy_stone_brick_stairs":3,"iter_rpg:silky_hivestone":10,"iter_rpg:grimstone":34,"patchouli:guide_book":3,"iter_rpg:cracked_hivestone":2,"iter_rpg:spider_silk":7,"minecraft:sand":107,"minecraft:nether_brick_stairs":2,"minecraft:mossy_cobblestone":82,"twigs:silt_brick":12,"ringsofascension:ring_strength":1,"minecraft:diamond":8,"waystones:waystone":1,"iter_rpg:abyssquartz_shard":20,"minecraft:cracked_polished_blackstone_bricks":31,"relics:space_dissector":1,"nethersdelight:hoglin_loin":11,"minecraft:emerald":3,"minecraft:chainmail_helmet":2,"minecraft:bread":16,"minecraft:oak_sapling":9,"minecraft:netherrack":1,"cisco_mod:brightsteel_ingot":2,"minecraft:bricks":7,"minecraft:diamond_pickaxe":1,"iter_rpg:spawner_fragment":5,"minecraft:coarse_dirt":2,"byg:soapstone":6,"minecraft:chicken":2,"minecraft:nether_wart":2,"minecraft:leather_leggings":3,"cisco_mod:divine_core":1,"savage_and_ravage:spore_bomb":1,"iter_rpg:polished_grimstone":14,"minecraft:gold_block":21,"enigmaticlegacy:tattered_tome":8,"minecraft:chain":4,"minecraft:shield":5,"skilltree:wisdom_scroll":2,"minecraft:netherite_scrap":10,"minecraft:blackstone":1,"minecraft:cracked_stone_bricks":13,"minecraft:candle":4,"twilightforest:fiery_pickaxe":2,"iter_rpg:coin":5,"minecraft:iron_nugget":2,"supplementaries:cage":1,"minecraft:chest":3,"minecraft:birch_sapling":3,"minecraft:phantom_membrane":1,"minecraft:sandstone":1,"minecraft:polished_deepslate_slab":3,"iter_rpg:blackstone_geode":1,"bygonenether:cobbled_blackstone":5,"iter_rpg:cracked_grimstone_bricks":4,"sophisticatedbackpacks:backpack":1,"minecraft:carrot":1,"minecraft:blue_carpet":1,"enigmaticlegacy:unholy_grail":1,"iter_rpg:polished_grimstone_wall":4,"minecraft:tnt":2,"minecraft:arrow":34,"minecraft:diamond_chestplate":7,"ars_elemental:fire_caster_tome":2,"minecraft:pumpkin_pie":40,"minecraft:nether_bricks":10,"minecraft:saddle":1,"minecraft:gold_ingot":122,"sophisticatedbackpacks:copper_backpack":1,"cisco_mod:champion_coin":4,"forbidden_arcanus:spawner_scrap":13,"ars_nouveau:amethyst_golem_charm":1,"minecraft:stripped_oak_log":7,"minecraft:blackstone_slab":2,"minecraft:cut_sandstone":6,"minecraft:leather":34,"cisco_mod:slumbering_equillibrium":2,"minecraft:jungle_fence":1,"minecraft:birch_planks":3,"minecraft:yellow_glazed_terracotta":13,"iter_rpg:spider_silk_block":5,"iter_rpg:magmanum_chunk":1,"minecraft:oak_log":32,"minecraft:chainmail_chestplate":2,"minecraft:ancient_debris":3,"minecraft:yellow_bed":2,"minecraft:gunpowder":4,"majruszsaccessories:horseshoe":1,"byg:firecracker_flower_bush":1,"minecraft:white_banner":1,"quark:forgotten_hat":1,"minecraft:apple":4,"minecraft:stone_bricks":69,"alexsmobs:cockroach_wing_fragment":1,"minecraft:iron_ingot":8,"relics:infinity_ham":1,"minecraft:glass_bottle":5,"minecraft:polished_andesite_slab":2,"apotheosis:gem_dust":10,"minecraft:iron_sword":1,"relics:bastion_ring":1,"iter_rpg:chiseled_grimstone_bricks":1,"minecraft:book":9,"minecraft:scaffolding":1,"minecraft:emerald_block":1,"minecraft:green_glazed_terracotta":6,"minecraft:budding_amethyst":4,"minecraft:quartz":2,"minecraft:dripstone_block":34,"minecraft:gravel":19,"minecraft:lava_bucket":2,"minecraft:amethyst_shard":60,"undead_unleashed:grave_metal_scrap":36,"iter_rpg:hivestone":9,"minecraft:nether_brick_slab":8,"minecraft:crying_obsidian":2,"iter_rpg:demonbone":7,"minecraft:spider_eye":18,"minecraft:chainmail_leggings":5,"minecraft:polished_blackstone_brick_wall":2,"minecraft:diamond_axe":3,"minecraft:mossy_cobblestone_stairs":2,"undead_unleashed:grave_metal_axe":1,"enigmaticlegacy:eye_of_nebula":2,"iter_rpg:hivestone_stairs":1,"minecraft:coal":28},"minecraft:broken":{"minecraft:diamond_helmet":4,"mcsa:golden_goliath_leggings":1,"minecraft:iron_sword":1,"quark:forgotten_hat":1,"minecraft:diamond_leggings":1,"immersive_armors:heavy_chestplate":1,"mcsa:golden_goliath_circuitry_chestplate":1,"mcsa:prismarine_soldier_chestplate":1},"minecraft:custom":{"enigmaticlegacy:play_time_with_seven_curses":0,"lootr:looted_stat":344,"minecraft:interact_with_crafting_table":46,"minecraft:open_barrel":2,"minecraft:bell_ring":7,"minecraft:eat_cake_slice":2,"minecraft:leave_game":6,"minecraft:time_since_death":85308,"minecraft:damage_resisted":510,"minecraft:sprint_one_cm":1057157,"minecraft:drop":287,"minecraft:talked_to_villager":9,"minecraft:play_time":854578,"minecraft:deaths":55,"minecraft:jump":3795,"minecraft:walk_on_water_one_cm":64589,"minecraft:interact_with_furnace":27,"minecraft:interact_with_loom":1,"minecraft:sleep_in_bed":1,"minecraft:waystone_activated":5,"minecraft:damage_dealt":164653,"minecraft:player_kills":12,"minecraft:crouch_one_cm":106901,"minecraft:inspect_dispenser":3,"minecraft:horse_one_cm":634,"minecraft:interact_with_smithing_table":10,"minecraft:interact_with_anvil":4,"minecraft:mob_kills":702,"minecraft:inspect_hopper":4,"minecraft:damage_dealt_resisted":13592,"minecraft:climb_one_cm":23965,"minecraft:walk_one_cm":2206518,"minecraft:damage_dealt_absorbed":424,"minecraft:sneak_time":47599,"minecraft:walk_under_water_one_cm":10930,"minecraft:total_world_time":854578,"enigmaticlegacy:play_time_without_seven_curses":1535954,"minecraft:interact_with_grindstone":1,"minecraft:time_since_rest":85340,"minecraft:damage_taken":44707,"minecraft:damage_absorbed":1560,"minecraft:swim_one_cm":13037,"minecraft:fly_one_cm":796742,"minecraft:open_chest":92,"minecraft:aviate_one_cm":632005,"minecraft:fall_one_cm":116062},"minecraft:killed_by":{"minecraft:vindicator":3,"minecraft:silverfish":3,"minecraft:cave_spider":7,"minecraft:zombie":4,"majruszsdifficulty:cursed_armor":3,"enemyexpansion:invisicreeper":1,"minecraft:husk":3,"minecraft:player":11,"iter_rpg:weeper":2,"minecraft:shulker":1,"irons_spellbooks:dead_king":8,"minecraft:skeleton":3,"irons_spellbooks:archevoker":1,"mowziesmobs:foliaath":1},"minecraft:dropped":{"apotheosis:gem_dust":3,"minecraft:candle":7,"minecraft:diamond_axe":1,"minecraft:cooked_beef":1,"minecraft:glass_bottle":7,"iter_rpg:cracked_grimstone_bricks":4,"enigmaticlegacy:unholy_grail":1,"minecraft:mossy_stone_brick_stairs":4,"minecraft:cracked_stone_bricks":1,"minecraft:saddle":1,"iter_rpg:magmanum_chunk":1,"minecraft:polished_blackstone_brick_wall":2,"undead_unleashed:grave_metal_scrap":16,"minecraft:cracked_polished_blackstone_bricks":13,"minecraft:dirt":5,"immersive_armors:wooden_leggings":1,"minecraft:cut_sandstone":3,"iter_rpg:chiseled_grimstone_bricks":1,"minecraft:pumpkin_pie":12,"minecraft:chain":2,"minecraft:wooden_sword":1,"minecraft:amethyst_shard":30,"minecraft:sand":6,"alexsmobs:tendon_whip":1,"immersive_armors:wooden_chestplate":1,"twigs:twig":4,"minecraft:gold_ingot":25,"minecraft:bone":70,"quark:ancient_tome":1,"enigmaticlegacy:eye_of_nebula":1,"minecraft:blackstone":1,"minecraft:golden_chestplate":1,"minecraft:iron_nugget":6,"minecraft:polished_andesite_slab":2,"minecraft:cobbled_deepslate":34,"immersive_armors:wooden_boots":1,"minecraft:pointed_dripstone":1,"minecraft:rotten_flesh":73,"enigmaticlegacy:tattered_tome":14,"minecraft:oak_planks":21,"iter_rpg:spawner_fragment":2,"minecraft:nether_brick_fence":2,"iter_rpg:cracked_hivestone":2,"minecraft:carrot":8,"iter_rpg:abyssquartz_shard":10,"minecraft:tipped_arrow":12,"iter_rpg:polished_grimstone":11,"minecraft:leather_chestplate":1,"supplementaries:flax_seeds":3,"supplementaries:ash":5,"minecraft:gunpowder":2,"ringsofascension:ring_night_vision":1,"minecraft:chest":1,"minecraft:quartz_block":4,"minecraft:chainmail_boots":1,"apotheosis:gem":11,"minecraft:leather_boots":1,"farmersdelight:bacon_and_eggs":16,"minecraft:leather_leggings":3,"iter_rpg:spider_silk":5,"minecraft:iron_bars":10,"minecraft:arrow":49,"minecraft:glass":64,"minecraft:quartz":2,"minecraft:crying_obsidian":2,"minecraft:scaffolding":1,"minecraft:netherrack":54,"iter_rpg:demonbone":7,"minecraft:enchanted_book":1,"minecraft:enchanting_table":6,"minecraft:iron_ingot":16,"minecraft:bread":79,"minecraft:wheat_seeds":3,"minecraft:mossy_cobblestone":151,"minecraft:bookshelf":5,"minecraft:dripstone_block":13,"minecraft:cobblestone":163,"minecraft:book":6,"enigmaticlegacy:golem_heart":5,"relics:midnight_robe":1,"minecraft:apple":2,"twigs:silt_brick":12,"enigmaticlegacy:corrupted_tome":3,"minecraft:chainmail_helmet":1,"minecraft:coal":4,"minecraft:coal_block":8,"minecraft:golden_apple":22,"minecraft:stick":2,"minecraft:polished_andesite":10,"minecraft:lava_bucket":2,"irons_spellbooks:scroll":1,"iter_rpg:grimstone_bricks":6,"minecraft:diorite":7,"byg:soapstone":10,"alexsmobs:dropbear_claw":4,"cisco_mod:slumbering_equillibrium":2,"forbidden_arcanus:spawner_scrap":4,"delightful:acorn":1,"minecraft:green_glazed_terracotta":4,"iter_rpg:polished_grimstone_wall":4,"minecraft:string":26,"minecraft:redstone_block":1,"ars_nouveau:caster_tome":5,"minecraft:nether_brick_slab":6,"minecraft:bricks":4,"iter_rpg:grimstone":30,"twilightforest:fiery_pickaxe":1,"minecraft:stone_sword":2,"majruszsaccessories:tool_scraps":2,"minecraft:chicken":2,"iter_rpg:spider_silk_block":3,"minecraft:iron_boots":1,"minecraft:nether_bricks":9,"minecraft:polished_deepslate_stairs":6,"alexsmobs:bear_fur":1,"enigmaticlegacy:extradimensional_eye":1,"minecraft:diamond_sword":1,"minecraft:shield":2,"minecraft:diamond_chestplate":4,"minecraft:golden_leggings":1,"minecraft:diamond_pickaxe":1,"minecraft:iron_chestplate":1,"cisco_mod:champion_coin":3,"minecraft:mossy_stone_bricks":10,"iter_rpg:silky_hivestone":3,"minecraft:stone_bricks":35,"minecraft:spider_eye":5,"minecraft:sandstone":1,"irons_spellbooks:iron_spell_book":2,"minecraft:bow":1,"ars_elemental:fire_caster_tome":1,"immersive_armors:wooden_helmet":1,"iter_rpg:hivestone":4,"minecraft:nether_brick_stairs":2}},"DataVersion":3120}